TransactionType,TransactionDuration,TimeSinceLastTransaction,TransactionPerDay,LoginAttempts,Cluster
Debit,81.0,49477134.0,1.0,Low,0
Debit,141.0,42823516.0,1.0,Low,0
Debit,56.0,41694656.0,1.0,Low,0
Debit,25.0,47403415.0,1.0,Low,0
Credit,198.0,33228915.0,1.0,Low,0
Debit,172.0,50165495.0,1.0,Low,0
Credit,139.0,54228801.0,1.0,Low,0
Credit,291.0,47139776.0,1.0,Low,0
Credit,86.0,51289888.0,1.0,Low,0
Debit,120.0,50428775.0,1.0,Low,0
Credit,59.0,51895235.0,1.0,Low,0
Debit,173.0,55003032.0,1.0,Low,0
Credit,111.0,44549230.0,1.0,Low,0
Debit,123.0,30209271.0,1.0,Low,0
Debit,134.0,54400572.0,1.0,Low,0
Debit,129.0,28309728.0,1.0,Low,0
Credit,158.0,32022886.0,1.0,Low,0
Debit,234.0,28129177.0,1.0,Low,0
Credit,106.0,53709311.0,1.0,Low,0
Credit,169.0,44459430.0,1.0,Low,0
Debit,38.0,53105546.0,1.0,Low,0
Debit,93.0,38929002.0,1.0,Low,0
Debit,120.0,44629966.0,1.0,Low,0
Debit,142.0,47655678.0,1.0,Low,0
Debit,96.0,52932193.0,1.0,Low,0
Credit,276.0,32883391.0,1.0,Low,0
Debit,158.0,48958477.0,1.0,High,2
Debit,95.0,50599761.0,1.0,Low,0
Debit,197.0,56130770.0,1.0,Low,0
Debit,283.0,35478768.0,2.0,Low,1
Credit,20.0,41091595.0,1.0,Low,0
Debit,257.0,55006954.0,1.0,Low,0
Debit,168.0,35048713.0,1.0,Low,0
Debit,150.0,51979466.0,1.0,Low,0
Credit,50.0,32282882.0,1.0,Low,0
Debit,45.0,33233607.0,1.0,Low,0
Debit,145.0,30122014.0,1.0,Low,0
Debit,137.0,52928263.0,1.0,Low,0
Debit,90.0,33577417.0,1.0,Low,0
Debit,216.0,56127012.0,1.0,Low,0
Debit,119.0,39878861.0,1.0,Low,0
Debit,19.0,57427104.0,1.0,Low,0
Credit,116.0,48690680.0,1.0,Low,0
Debit,117.0,49392266.0,1.0,Low,0
Debit,33.0,40317445.0,1.0,Low,0
Debit,90.0,34266103.0,1.0,Low,0
Debit,75.0,28224535.0,1.0,Low,0
Debit,105.0,33838915.0,1.0,Low,0
Debit,138.0,29604087.0,1.0,Low,0
Credit,175.0,50772073.0,1.0,Low,0
Credit,121.0,54400048.0,1.0,Low,0
Debit,264.0,53706187.0,1.0,Low,0
Debit,145.0,44551271.0,1.0,Low,0
Debit,142.0,36602251.0,1.0,Low,0
Debit,90.0,50595806.0,1.0,Low,0
Debit,83.0,39536135.0,1.0,Low,0
Credit,52.0,28131440.0,1.0,Low,0
Credit,61.0,52842608.0,1.0,Low,0
Debit,28.0,44380134.0,1.0,Low,0
Debit,51.0,34443375.0,1.0,Low,0
Debit,152.0,34089708.0,1.0,Low,0
Debit,227.0,46454613.0,1.0,Low,0
Debit,226.0,31331986.0,1.0,Low,0
Credit,104.0,45239076.0,1.0,Low,0
Debit,124.0,31766992.0,1.0,Low,0
Credit,186.0,50598670.0,1.0,Low,0
Debit,225.0,48268728.0,1.0,Low,0
Debit,128.0,48864683.0,1.0,Low,0
Credit,16.0,54747138.0,1.0,Low,0
Credit,103.0,30813974.0,1.0,Low,0
Debit,220.0,41011098.0,1.0,Low,0
Debit,135.0,57078550.0,1.0,Low,0
Debit,55.0,42213102.0,1.0,Low,0
Credit,280.0,32886857.0,1.0,Low,0
Debit,24.0,34270222.0,1.0,Low,0
Debit,51.0,26923094.0,1.0,Low,0
Debit,113.0,44115270.0,1.0,Low,0
Debit,69.0,51982764.0,1.0,Low,0
Debit,77.0,27782423.0,1.0,Low,0
Debit,67.0,41087758.0,1.0,Low,0
Debit,102.0,43508861.0,1.0,Low,0
Credit,80.0,32626459.0,1.0,Low,0
Debit,87.0,56216299.0,1.0,Low,0
Debit,170.0,31419328.0,1.0,Low,0
Debit,157.0,42305358.0,1.0,Low,0
Credit,30.0,34699483.0,1.0,Low,0
Debit,69.0,32885070.0,1.0,Low,0
Debit,115.0,37465419.0,1.0,Low,0
Credit,179.0,43248701.0,1.0,Low,0
Debit,100.0,30210029.0,1.0,Low,0
Credit,34.0,35997519.0,1.0,Low,0
Debit,55.0,34443111.0,1.0,High,2
Debit,135.0,50766880.0,1.0,Low,0
Debit,260.0,27531078.0,1.0,Low,0
Debit,72.0,52934575.0,1.0,Low,0
Credit,127.0,42911562.0,2.0,Low,1
Credit,185.0,48869004.0,1.0,Low,0
Debit,78.0,41094161.0,1.0,Low,0
Debit,133.0,37118480.0,1.0,Low,0
Debit,175.0,36258574.0,1.0,Low,0
Debit,24.0,56126831.0,1.0,Low,0
Credit,167.0,38937076.0,1.0,Low,0
Credit,164.0,33226541.0,1.0,Low,0
Debit,146.0,53451549.0,1.0,Low,0
Debit,235.0,58030233.0,1.0,Low,0
Debit,51.0,29345985.0,1.0,Low,0
Debit,80.0,31850243.0,1.0,Low,0
Debit,17.0,52586678.0,1.0,Low,0
Debit,35.0,29597793.0,1.0,Low,0
Debit,147.0,39886376.0,1.0,Low,0
Debit,73.0,30038036.0,1.0,Low,0
Debit,180.0,51291655.0,1.0,Low,0
Credit,174.0,48692406.0,1.0,Low,0
Credit,282.0,53014642.0,1.0,Low,0
Debit,104.0,54659622.0,1.0,Low,0
Debit,107.0,40750002.0,1.0,Low,0
Credit,47.0,33836975.0,1.0,Low,0
Credit,122.0,26580812.0,1.0,Low,0
Debit,62.0,41961292.0,1.0,Low,0
Debit,167.0,45932410.0,1.0,Low,0
Debit,121.0,38505091.0,1.0,Low,0
Credit,165.0,30470891.0,1.0,Low,0
Debit,91.0,45931317.0,1.0,Low,0
Debit,61.0,37723493.0,1.0,Low,0
Debit,41.0,29604734.0,1.0,Low,0
Credit,247.0,39536712.0,1.0,Low,0
Debit,158.0,36861698.0,1.0,Low,0
Debit,80.0,39105332.0,1.0,Low,0
Debit,108.0,36604802.0,1.0,Low,0
Debit,144.0,41614171.0,1.0,Low,0
Debit,105.0,42303198.0,1.0,Low,0
Credit,40.000000000000014,35045899.0,1.0,Low,0
Debit,273.0,30207523.0,1.0,Low,0
Credit,254.0,30465826.0,1.0,Low,0
Debit,75.0,38071407.0,1.0,Low,0
Debit,124.0,33232343.0,1.0,Low,0
Debit,68.0,43425913.0,1.0,Low,0
Debit,18.0,56819779.0,1.0,Low,0
Debit,118.0,30038466.0,1.0,Low,0
Debit,120.0,37123179.0,1.0,Low,0
Debit,246.0,32621488.0,1.0,Low,0
Debit,20.999999999999986,32628001.0,2.0,Low,1
Debit,294.0,42301766.0,1.0,Low,0
Credit,17.0,32542217.0,1.0,Low,0
Credit,166.0,35046779.0,1.0,Low,0
Debit,92.0,54137414.0,1.0,Low,0
Debit,296.0,37291704.0,1.0,Low,0
Debit,142.0,49296733.0,1.0,High,2
Debit,141.0,40146060.0,1.0,Low,0
Debit,92.0,55002203.0,1.0,Low,0
Debit,113.0,40485621.0,1.0,Low,0
Credit,293.0,30209906.0,1.0,Low,0
Debit,160.0,33837347.0,1.0,Low,0
Debit,265.0,31677829.0,1.0,Low,0
Debit,245.0,54228527.0,1.0,Low,0
Credit,171.0,36857470.0,1.0,Low,0
Credit,72.0,40232952.0,1.0,Low,0
Credit,129.0,48960006.0,1.0,Low,0
Debit,122.0,35562802.0,1.0,Low,0
Debit,99.0,45156531.0,1.0,Low,0
Credit,177.0,33835642.0,1.0,Low,0
Debit,285.0,57426872.0,1.0,Low,0
Credit,53.0,45582854.0,1.0,Low,0
Debit,125.0,38672662.0,1.0,Low,0
Debit,137.0,29855869.0,1.0,Low,0
Debit,165.0,55518053.0,1.0,Low,0
Debit,268.0,54316901.0,1.0,Low,0
Credit,162.0,47660740.0,1.0,Low,0
Debit,36.0,28998071.0,2.0,Low,1
Debit,109.0,46449661.0,1.0,Low,0
Debit,17.0,51376263.0,1.0,Low,0
Debit,96.0,37721156.0,1.0,Low,0
Debit,43.0,46536062.0,1.0,Low,0
Debit,36.0,45328602.0,1.0,Low,0
Debit,19.0,51206243.0,1.0,Low,0
Debit,14.0,46192699.0,1.0,Low,0
Debit,106.0,54655438.0,1.0,Low,0
Debit,164.0,45935283.0,1.0,Low,0
Debit,46.0,27789633.0,1.0,Low,0
Credit,54.0,30121726.0,1.0,Low,0
Debit,123.0,40921469.0,1.0,Low,0
Debit,82.0,48785763.0,1.0,Low,0
Debit,100.0,30815768.0,1.0,Low,0
Credit,201.0,49822358.0,1.0,Low,0
Debit,299.0,57943420.0,1.0,Low,0
Debit,109.0,55612352.0,1.0,Low,0
Debit,57.0,36688962.0,1.0,Low,0
Debit,52.0,52934422.0,1.0,Low,0
Credit,245.0,32626066.0,1.0,Low,0
Debit,235.0,57859694.0,1.0,Low,0
Debit,165.0,41696252.0,2.0,Low,1
Credit,141.0,35650968.0,1.0,Low,0
Credit,101.0,36258251.0,1.0,Low,0
Credit,24.0,55866919.0,1.0,Low,0
Debit,132.0,42301177.0,1.0,Low,0
Credit,131.0,50772475.0,1.0,Low,0
Debit,165.0,38073164.0,1.0,Low,0
Debit,75.0,40489737.0,1.0,Low,0
Debit,32.0,32540294.0,1.0,Low,0
Debit,236.0,39886955.0,1.0,Low,0
Debit,14.0,44116616.0,1.0,Low,0
Debit,161.0,29344658.0,1.0,Low,0
Debit,151.0,30633064.0,1.0,Low,0
Debit,107.0,55613265.0,1.0,Low,0
Debit,100.0,45675471.0,1.0,Low,0
Debit,63.0,37812159.0,2.0,Low,1
Debit,108.0,47490318.0,1.0,Low,0
Debit,143.0,55002287.0,1.0,Low,0
Debit,214.0,54049886.0,2.0,Low,1
Credit,61.0,39278368.0,1.0,Low,0
Debit,158.0,53451893.0,1.0,Low,0
Debit,145.0,39888411.0,1.0,Low,0
Debit,72.0,28741635.0,1.0,Low,0
Debit,171.0,51371007.0,1.0,Low,0
Credit,149.0,52841278.0,1.0,Low,0
Debit,202.0,45762116.0,1.0,Low,0
Debit,99.0,45935549.0,1.0,Low,0
Debit,106.0,38074069.0,1.0,Low,0
Credit,161.0,41954629.0,1.0,Low,0
Debit,180.0,57683294.0,1.0,Low,0
Debit,42.0,32973875.0,1.0,Low,0
Credit,37.0,29517515.0,1.0,Low,0
Debit,131.0,41698504.0,1.0,Low,0
Debit,15.0,42903752.0,1.0,Low,0
Debit,64.0,57079634.0,1.0,Low,0
Debit,119.0,27702885.0,1.0,Low,0
Debit,292.0,34789804.0,1.0,Low,0
Debit,176.0,57424481.0,1.0,Low,0
Debit,85.0,31332323.0,1.0,Low,0
Debit,62.0,29426482.0,1.0,Low,0
Debit,159.0,31764615.0,1.0,Low,0
Debit,124.0,53789241.0,1.0,Low,0
Credit,35.0,32620330.0,1.0,Low,0
Debit,141.0,56215126.0,1.0,Low,0
Debit,49.0,30807958.0,1.0,Low,0
Credit,161.0,35563850.0,1.0,Low,0
Debit,10.0,29606727.0,2.0,Low,1
Debit,14.0,52237231.0,1.0,Low,0
Credit,170.0,56736182.0,1.0,Low,0
Credit,144.0,47488990.0,1.0,Low,0
Debit,85.0,57682537.0,1.0,Low,0
Debit,130.0,55001589.0,1.0,Low,0
Debit,282.0,32626532.0,1.0,Low,0
Credit,189.0,39887706.0,1.0,Low,0
Debit,156.0,26582559.0,1.0,Low,0
Credit,55.0,53793658.0,1.0,Low,0
Debit,81.0,31416263.0,1.0,Low,0
Debit,74.0,32975741.0,1.0,Low,0
Credit,185.0,36170706.0,1.0,Low,0
Debit,158.0,57427293.0,1.0,Low,0
Debit,118.0,36856570.0,1.0,Low,0
Credit,134.0,55612729.0,1.0,Low,0
Debit,143.0,27445330.0,1.0,Low,0
Debit,13.000000000000014,37295928.0,1.0,Low,0
Debit,65.0,27184397.0,1.0,Low,0
Credit,86.0,47143585.0,1.0,Low,0
Debit,13.000000000000014,42219541.0,1.0,Low,0
Debit,148.0,54399114.0,1.0,Low,0
Debit,215.0,36689977.0,1.0,Low,0
Credit,44.0,45582873.0,1.0,Low,0
Debit,154.0,35649577.0,1.0,Low,0
Debit,161.0,38670868.0,1.0,Low,0
Credit,61.0,54827338.0,1.0,Low,0
Debit,30.0,40922097.0,1.0,Low,0
Debit,168.0,39888613.0,1.0,Low,0
Debit,156.0,49987875.0,1.0,Low,0
Credit,129.0,48957594.0,1.0,High,2
Debit,22.0,41959957.0,1.0,Low,0
Credit,53.0,42300605.0,1.0,Low,0
Debit,18.0,55007935.0,1.0,Low,0
Debit,98.0,37725243.0,1.0,Low,0
Debit,246.0,45069404.0,1.0,Low,0
Debit,205.0,50679603.0,1.0,Low,0
Debit,180.0,45849982.0,1.0,Low,0
Credit,174.0,27619422.0,1.0,High,2
Debit,128.0,31936707.0,1.0,Low,0
Debit,20.0,48346377.0,1.0,Low,0
Debit,253.0,36774709.0,1.0,Low,0
Debit,117.0,27183161.0,1.0,Low,0
Debit,54.0,33234970.0,1.0,Low,0
Debit,152.0,29951739.0,1.0,Low,0
Debit,109.0,54742658.0,1.0,Low,0
Credit,66.0,57424519.0,1.0,Low,0
Credit,198.0,41700696.0,1.0,Low,0
Debit,52.0,33834147.0,1.0,Low,0
Debit,28.0,27703368.0,1.0,Low,0
Debit,129.0,56562905.0,1.0,Low,0
Credit,96.0,47405200.0,1.0,Low,0
Credit,234.0,41700414.0,1.0,Low,0
Debit,17.0,34693979.0,1.0,Low,0
Debit,80.0,40748883.0,1.0,Low,0
Debit,126.0,40742288.0,1.0,Low,0
Debit,87.0,33831792.0,1.0,Low,0
Debit,57.0,29251257.0,1.0,Low,0
Debit,37.0,47403430.0,1.0,Low,0
Debit,72.0,38066284.0,1.0,Low,0
Debit,105.0,34445030.0,1.0,Low,0
Debit,24.0,42910242.0,2.0,Low,1
Debit,93.0,52586516.0,1.0,Low,0
Debit,90.0,33235323.0,1.0,Low,0
Credit,286.0,30124049.0,1.0,Low,0
Credit,107.0,39886528.0,1.0,Low,0
Debit,170.0,42652301.0,1.0,Low,0
Debit,82.0,35049571.0,1.0,Low,0
Debit,83.0,49819657.0,1.0,Low,0
Debit,126.0,43771672.0,1.0,Low,0
Debit,55.0,43774166.0,1.0,Low,0
Credit,13.000000000000014,36254140.0,1.0,Low,0
Debit,213.0,40919244.0,1.0,Low,0
Debit,170.0,48091065.0,1.0,Low,0
Debit,139.0,54742456.0,1.0,Low,0
Debit,153.0,34874106.0,1.0,Low,0
Debit,144.0,43765984.0,1.0,Low,0
Debit,148.0,28653801.0,1.0,Low,0
Debit,179.0,54658793.0,1.0,Low,0
Debit,51.0,42901915.0,1.0,Low,0
Debit,139.0,33581116.0,1.0,Low,0
Debit,64.0,32021564.0,1.0,Low,0
Debit,25.0,48867975.0,1.0,Low,0
Debit,30.0,52324474.0,1.0,Low,0
Debit,148.0,48351954.0,1.0,Low,0
Debit,244.0,38929752.0,1.0,Low,0
Debit,55.0,55609191.0,1.0,Low,0
Credit,281.0,49474353.0,1.0,Low,0
Debit,72.0,48957093.0,1.0,Low,0
Debit,177.0,29952114.0,1.0,Low,0
Debit,111.0,27181319.0,1.0,Low,0
Debit,55.0,45155612.0,1.0,Low,0
Debit,128.0,31416412.0,1.0,Low,0
Debit,112.0,53793761.0,1.0,Low,0
Debit,53.0,43515002.0,1.0,Low,0
Debit,290.0,32022861.0,1.0,Low,0
Debit,50.0,36516085.0,1.0,Low,0
Debit,123.0,34439184.0,1.0,Low,0
Debit,166.0,49212439.0,1.0,Low,0
Debit,33.0,33145921.0,1.0,Low,0
Debit,166.0,56821171.0,1.0,Low,0
Debit,30.0,44983194.0,1.0,Low,0
Debit,177.0,31075262.0,1.0,Low,0
Debit,164.0,35654664.0,1.0,Low,0
Debit,238.0,53019601.0,1.0,Low,0
Debit,283.0,27529836.0,2.0,Low,1
Debit,44.0,47746453.0,1.0,Low,0
Debit,62.0,35306669.0,1.0,Low,0
Debit,155.0,37466772.0,1.0,Low,0
Debit,228.0,35476917.0,1.0,Low,0
Debit,259.0,44380587.0,1.0,Low,0
Debit,18.0,50515235.0,1.0,Low,0
Debit,39.0,47663532.0,1.0,Low,0
Debit,144.0,53191889.0,1.0,Low,0
Debit,136.0,55352869.0,1.0,Low,0
Debit,121.0,32019402.0,1.0,Low,0
Debit,31.0,41700423.0,1.0,Low,0
Debit,137.0,42562786.0,1.0,Low,0
Debit,65.0,55430692.0,1.0,Low,0
Debit,128.0,33830911.0,1.0,Low,0
Debit,123.0,54917263.0,1.0,Low,0
Credit,178.0,40490586.0,1.0,Low,0
Debit,227.0,36688218.0,1.0,Low,0
Debit,146.0,33751761.0,1.0,Low,0
Debit,165.0,41094741.0,1.0,Low,0
Debit,231.0,46364948.0,1.0,Low,0
Credit,59.0,51118277.0,1.0,Low,0
Debit,134.0,50167935.0,1.0,Low,0
Debit,137.0,36605039.0,1.0,Low,0
Debit,76.0,36171648.0,1.0,Low,0
Debit,90.0,28654340.0,1.0,Low,0
Debit,122.0,51982904.0,1.0,Low,0
Debit,29.0,52328332.0,1.0,Low,0
Debit,112.0,43947687.0,1.0,Low,0
Credit,123.0,29604224.0,2.0,Low,1
Debit,143.0,38072423.0,1.0,Low,0
Credit,289.0,30640546.0,1.0,Low,0
Debit,159.0,41095351.0,1.0,Low,0
Debit,93.0,47574194.0,1.0,Low,0
Debit,297.0,30208681.0,1.0,Low,0
Debit,36.0,41700031.0,1.0,Low,0
Debit,57.0,27180858.0,1.0,Low,0
Debit,36.0,29945228.0,1.0,Low,0
Debit,99.0,31414721.0,1.0,Low,0
Credit,159.0,32370739.0,1.0,Low,0
Debit,144.0,42303929.0,1.0,Low,0
Credit,148.0,45238615.0,1.0,Low,0
Debit,95.0,51979454.0,1.0,Low,0
Debit,70.0,45328036.0,1.0,Low,0
Debit,160.0,41694636.0,1.0,Low,0
Debit,68.0,29947687.0,1.0,Low,0
Debit,169.0,46281027.0,1.0,Low,0
Debit,46.0,47056401.0,1.0,Low,0
Debit,244.0,37718348.0,1.0,Low,0
Debit,248.0,27183852.0,1.0,Low,0
Credit,123.0,46453660.0,1.0,Low,0
Debit,73.0,37899473.0,1.0,Low,0
Credit,140.0,44726642.0,1.0,Low,0
Debit,283.0,28127959.0,1.0,High,2
Debit,209.0,45157333.0,1.0,Low,0
Debit,67.0,33666862.0,1.0,Low,0
Debit,258.0,46539258.0,1.0,Low,0
Credit,149.0,45931448.0,1.0,Low,0
Debit,171.0,42903686.0,1.0,Low,0
Debit,130.0,36170260.0,1.0,High,2
Credit,220.0,50594286.0,1.0,Low,0
Debit,25.0,45586916.0,1.0,Low,0
Debit,143.0,49558121.0,1.0,Low,0
Debit,143.0,32021372.0,1.0,Low,0
Debit,128.0,28127655.0,1.0,Low,0
Debit,146.0,33750109.0,1.0,Low,0
Debit,144.0,40400875.0,1.0,Low,0
Debit,204.0,36862107.0,1.0,Low,0
Credit,47.0,43514702.0,1.0,Low,0
Credit,61.0,34954395.0,1.0,Low,0
Debit,124.0,51983911.0,1.0,Low,0
Credit,271.0,30209840.0,1.0,Low,0
Debit,180.0,53449672.0,1.0,Low,0
Debit,91.0,46531187.0,1.0,High,2
Debit,267.0,32541923.0,1.0,Low,0
Debit,61.0,30121446.0,1.0,Low,0
Credit,38.0,39281219.0,1.0,Low,0
Debit,100.0,34959731.0,1.0,Low,0
Debit,144.0,50423471.0,1.0,Low,0
Debit,251.0,28392484.0,1.0,Low,0
Debit,90.0,33494525.0,1.0,Low,0
Debit,131.0,42565082.0,1.0,Low,0
Debit,147.0,50772008.0,1.0,Low,0
Debit,123.0,55259705.0,1.0,Low,0
Debit,32.0,43255216.0,1.0,Low,0
Debit,57.0,56726794.0,1.0,Low,0
Debit,247.0,37804347.0,1.0,Low,0
Debit,287.0,47741956.0,1.0,Low,0
Debit,248.0,46539685.0,1.0,Low,0
Credit,84.0,56821996.0,1.0,Low,0
Credit,44.0,46538909.0,1.0,Low,0
Debit,110.0,55608208.0,1.0,Low,0
Debit,166.0,42134280.0,1.0,Low,0
Debit,170.0,55006985.0,1.0,Low,0
Credit,107.0,42304860.0,1.0,Low,0
Debit,135.0,56131792.0,1.0,Low,0
Debit,106.0,29862008.0,1.0,Low,0
Debit,150.0,53106027.0,1.0,Low,0
Credit,145.0,35476534.0,1.0,Low,0
Credit,159.0,30810161.0,1.0,Low,0
Debit,115.0,54230006.0,1.0,Low,0
Debit,153.0,30810882.0,1.0,Low,0
Debit,113.0,33657540.0,1.0,Low,0
Debit,34.0,28824179.0,1.0,Low,0
Credit,35.0,35651595.0,1.0,Low,0
Debit,258.0,27101052.0,1.0,Low,0
Debit,20.999999999999986,52238265.0,1.0,Low,0
Debit,260.0,36085749.0,1.0,Low,0
Debit,100.0,57681462.0,1.0,Low,0
Debit,231.0,39623233.0,2.0,Low,1
Debit,160.0,29001435.0,1.0,Low,0
Debit,146.0,48266292.0,1.0,Low,0
Debit,144.0,49386760.0,1.0,Low,0
Debit,282.0,33053921.0,1.0,High,2
Debit,44.0,31075262.0,1.0,Low,0
Debit,123.0,54662935.0,1.0,Low,0
Debit,97.0,38672800.0,1.0,Low,0
Credit,107.0,35644787.0,1.0,Low,0
Debit,265.0,55606886.0,1.0,Low,0
Debit,56.0,38073820.0,1.0,Low,0
Debit,91.0,46885274.0,1.0,Low,0
Debit,88.0,36084500.0,1.0,Low,0
Debit,138.0,33056386.0,1.0,High,2
Debit,136.0,33229324.0,1.0,Low,0
Debit,249.0,39191154.0,1.0,Low,0
Debit,235.0,30210037.0,1.0,Low,0
Debit,36.0,29860689.0,1.0,Low,0
Debit,88.0,31671395.0,1.0,Low,0
Credit,53.0,54401191.0,1.0,Low,0
Debit,36.0,54057754.0,1.0,Low,0
Debit,279.0,29598042.0,1.0,Low,0
Debit,47.0,40397396.0,1.0,Low,0
Credit,172.0,50683623.0,1.0,Low,0
Credit,105.0,54313623.0,1.0,Low,0
Debit,168.0,36854680.0,1.0,Low,0
Credit,37.0,33232581.0,1.0,Low,0
Debit,78.0,46368235.0,1.0,Low,0
Debit,260.0,40830331.0,1.0,Low,0
Credit,59.0,40835310.0,1.0,Low,0
Debit,88.0,28651555.0,1.0,Low,0
Credit,149.0,47659993.0,1.0,Low,0
Debit,181.0,57161670.0,1.0,Low,0
Debit,12.0,47747454.0,1.0,Low,0
Debit,127.0,45931019.0,1.0,Low,0
Debit,92.0,44465066.0,1.0,Low,0
Debit,58.0,56819484.0,1.0,Low,0
Debit,227.0,52415497.0,1.0,Low,0
Debit,170.0,53189766.0,1.0,Low,0
Debit,139.0,50765063.0,1.0,Low,0
Debit,133.0,36083638.0,1.0,Low,0
Debit,128.0,51896715.0,1.0,High,2
Debit,79.0,28998125.0,1.0,Low,0
Debit,178.0,54828596.0,1.0,Low,0
Debit,114.0,35478401.0,1.0,Low,0
Debit,45.0,39022745.0,1.0,Low,0
Credit,60.0,32627473.0,2.0,Low,1
Credit,168.0,29605804.0,1.0,Low,0
Debit,114.0,39281591.0,1.0,Low,0
Debit,140.0,43344555.0,1.0,Low,0
Debit,52.0,41529052.0,1.0,Low,0
Debit,57.0,56647178.0,1.0,Low,0
Debit,119.0,34784083.0,1.0,Low,0
Debit,142.0,49562936.0,1.0,Low,0
Credit,158.0,35049253.0,1.0,Low,0
Credit,189.0,51897618.0,1.0,Low,0
Debit,111.0,43944509.0,1.0,Low,0
Debit,42.0,48173611.0,1.0,Low,0
Credit,68.0,35910031.0,1.0,High,2
Debit,53.0,51725345.0,1.0,Low,0
Debit,161.0,47750268.0,1.0,Low,0
Debit,55.0,35648805.0,1.0,Low,0
Debit,273.0,44722826.0,1.0,Low,0
Debit,82.0,49905730.0,1.0,Low,0
Debit,177.0,53711689.0,1.0,Low,0
Debit,142.0,56646423.0,1.0,Low,0
Credit,72.0,54315999.0,1.0,Low,0
Debit,157.0,49562586.0,1.0,Low,0
Debit,84.0,56643195.0,1.0,Low,0
Debit,133.0,42902947.0,1.0,Low,0
Debit,70.0,28392300.0,1.0,Low,0
Debit,45.0,28908907.0,1.0,Low,0
Debit,199.0,51982082.0,1.0,Low,0
Debit,96.0,55523338.0,1.0,Low,0
Debit,52.0,46537596.0,1.0,Low,0
Debit,84.0,33577859.0,1.0,Low,0
Debit,135.0,42912077.0,1.0,Low,0
Debit,80.0,33235337.0,1.0,Low,0
Debit,29.0,50418801.0,1.0,Low,0
Credit,128.0,56733569.0,1.0,Low,0
Debit,125.0,38935664.0,1.0,Low,0
Debit,63.0,54399850.0,1.0,Low,0
Debit,131.0,37466158.0,1.0,Low,0
Debit,244.0,28914541.0,1.0,Low,0
Debit,220.0,50764792.0,1.0,Low,0
Debit,34.0,28396927.0,1.0,Low,0
Credit,74.0,28394095.0,1.0,Low,0
Debit,159.0,41096976.0,1.0,Low,0
Debit,176.0,44028818.0,1.0,Low,0
Debit,54.0,26839791.0,1.0,Low,0
Debit,179.0,48263723.0,1.0,Low,0
Credit,159.0,53100699.0,1.0,Low,0
Credit,63.0,45674148.0,1.0,Low,0
Credit,100.0,29344659.0,1.0,Low,0
Debit,61.0,38674753.0,1.0,Low,0
Credit,179.0,36253149.0,1.0,Low,0
Debit,144.0,46363236.0,1.0,Low,0
Debit,202.0,49556377.0,1.0,High,2
Debit,171.0,47399823.0,1.0,Low,0
Debit,34.0,58030911.0,1.0,Low,0
Debit,169.0,56562921.0,1.0,Low,0
Debit,277.0,49214823.0,1.0,High,2
Debit,172.0,44630303.0,1.0,Low,0
Debit,125.0,28393807.0,1.0,Low,0
Debit,145.0,50167624.0,1.0,Low,0
Debit,68.0,46538092.0,1.0,Low,0
Credit,28.0,26582505.0,1.0,Low,0
Debit,137.0,42128375.0,1.0,Low,0
Debit,113.0,53105108.0,1.0,Low,0
Credit,187.0,32457443.0,1.0,Low,0
Credit,39.0,52583456.0,1.0,Low,0
Debit,60.0,27701851.0,1.0,Low,0
Debit,281.0,54394103.0,1.0,Low,0
Debit,58.0,30643173.0,1.0,Low,0
Debit,115.0,55870477.0,1.0,Low,0
Credit,63.0,54229259.0,1.0,Low,0
Debit,148.0,40317803.0,1.0,Low,0
Credit,38.0,51023878.0,1.0,Low,0
Credit,73.0,39619214.0,1.0,Low,0
Debit,58.0,54997805.0,1.0,Low,0
Credit,136.0,41437428.0,1.0,Low,0
Debit,13.000000000000014,48353083.0,1.0,Low,0
Credit,243.0,51292015.0,1.0,Low,0
Debit,165.0,28655430.0,1.0,Low,0
Credit,155.0,36862035.0,1.0,Low,0
Debit,111.0,53795829.0,1.0,Low,0
Debit,223.0,39283415.0,1.0,Low,0
Debit,141.0,27012147.0,1.0,Low,0
Debit,176.0,28653723.0,1.0,Low,0
Debit,17.0,48094762.0,1.0,Low,0
Debit,167.0,31936801.0,1.0,Low,0
Credit,10.0,48784346.0,1.0,Low,0
Debit,82.0,28132763.0,1.0,Low,0
Debit,160.0,44984709.0,1.0,Low,0
Debit,169.0,53185748.0,2.0,Low,1
Debit,34.0,29257597.0,1.0,Low,0
Debit,157.0,57859115.0,1.0,Low,0
Debit,37.0,39885423.0,1.0,Low,0
Credit,93.0,43512062.0,1.0,High,2
Debit,82.0,32621330.0,1.0,Low,0
Debit,161.0,48354332.0,1.0,Low,0
Credit,84.0,46540044.0,1.0,Low,0
Debit,73.0,52580700.0,1.0,Low,0
Debit,263.0,30463692.0,1.0,Low,0
Debit,148.0,47659419.0,1.0,High,2
Debit,213.0,57856066.0,1.0,Low,0
Debit,159.0,40401899.0,1.0,Low,0
Debit,120.0,35478043.0,1.0,Low,0
Credit,96.0,40750048.0,1.0,Low,0
Debit,112.0,46531715.0,1.0,Low,0
Debit,47.999999999999986,31935933.0,1.0,Low,0
Debit,68.0,27185866.0,1.0,Low,0
Debit,106.0,35565405.0,1.0,Low,0
Debit,23.0,54133987.0,1.0,Low,0
Debit,169.0,36858115.0,1.0,Low,0
Debit,282.0,42912184.0,1.0,Low,0
Debit,32.0,31158424.0,1.0,Low,0
Debit,183.0,42219686.0,1.0,High,2
Debit,119.0,36510436.0,1.0,Low,0
Debit,102.0,36076775.0,1.0,Low,0
Credit,178.0,55607471.0,1.0,Low,0
Debit,130.0,32451611.0,1.0,Low,0
Debit,87.0,44119386.0,1.0,Low,0
Debit,108.0,56558870.0,1.0,Low,0
Credit,235.0,48002165.0,1.0,Low,0
Credit,81.0,37289480.0,1.0,Low,0
Credit,169.0,35654592.0,1.0,Low,0
Debit,139.0,47399756.0,1.0,Low,0
Debit,171.0,46538176.0,1.0,Low,0
Debit,142.0,55353301.0,1.0,Low,0
Debit,76.0,53539443.0,1.0,Low,0
Debit,28.0,53020234.0,1.0,Low,0
Credit,45.0,37899207.0,1.0,Low,0
Credit,247.0,28137530.0,1.0,Low,0
Debit,95.0,35479986.0,1.0,Low,0
Credit,36.0,37980041.0,1.0,Low,0
Debit,238.0,43945264.0,1.0,Low,0
Debit,75.0,45324896.0,1.0,Low,0
Credit,96.0,42300611.0,1.0,Low,0
Credit,37.0,37374048.0,1.0,Low,0
Credit,70.0,55267170.0,1.0,Low,0
Debit,67.0,56732896.0,1.0,Low,0
Debit,86.0,40489486.0,1.0,Low,0
Credit,116.0,43944850.0,1.0,Low,0
Debit,37.0,32280050.0,2.0,Low,1
Debit,127.0,33144244.0,1.0,Low,0
Debit,114.0,45330523.0,1.0,Low,0
Debit,176.0,53795904.0,1.0,Low,0
Debit,264.0,58031061.0,1.0,Low,0
Debit,118.0,47746587.0,1.0,Low,0
Debit,47.999999999999986,34269861.0,1.0,Low,0
Credit,39.0,32023355.0,1.0,Low,0
Credit,45.0,34786112.0,1.0,Low,0
Debit,70.0,34960068.0,1.0,Low,0
Debit,100.0,56812399.0,1.0,Low,0
Credit,47.999999999999986,27792232.0,1.0,Low,0
Credit,56.0,55260356.0,1.0,Low,0
Debit,138.0,52234813.0,1.0,Low,0
Debit,84.0,50771073.0,1.0,Low,0
Debit,131.0,47139935.0,1.0,Low,0
Debit,53.0,51896787.0,1.0,Low,0
Debit,129.0,30123907.0,1.0,Low,0
Debit,247.0,37207712.0,1.0,Low,0
Debit,161.0,42819722.0,1.0,Low,0
Debit,79.0,43515889.0,1.0,Low,0
Credit,160.0,58025985.0,1.0,Low,0
Credit,163.0,39884581.0,1.0,Low,0
Debit,137.0,48258714.0,1.0,Low,0
Debit,26.0,53793824.0,1.0,Low,0
Debit,107.0,38417197.0,1.0,Low,0
Debit,179.0,28825209.0,1.0,Low,0
Debit,100.0,53102555.0,1.0,Low,0
Debit,142.0,43510649.0,1.0,Low,0
Debit,36.0,56732109.0,1.0,Low,0
Credit,107.0,58023158.0,1.0,Low,0
Credit,176.0,39280408.0,1.0,High,2
Credit,20.999999999999986,29606034.0,1.0,Low,0
Credit,79.0,41004213.0,1.0,Low,0
Debit,168.0,30812440.0,1.0,Low,0
Debit,77.0,47490146.0,1.0,High,2
Debit,181.0,27790653.0,1.0,Low,0
Credit,127.0,50426194.0,1.0,Low,0
Debit,135.0,57167396.0,1.0,Low,0
Credit,30.0,42305395.0,1.0,Low,0
Debit,90.0,32626238.0,1.0,Low,0
Debit,65.0,46538102.0,1.0,Low,0
Debit,240.0,51378119.0,1.0,Low,0
Debit,66.0,44463033.0,1.0,Low,0
Debit,94.0,54054687.0,1.0,Low,0
Credit,292.0,30120309.0,1.0,Low,0
Debit,201.0,56816124.0,1.0,Low,0
Debit,296.0,39715668.0,1.0,Low,0
Debit,49.0,56733676.0,1.0,Low,0
Debit,85.0,53191768.0,1.0,Low,0
Debit,180.0,33229199.0,1.0,Low,0
Debit,22.0,37468801.0,1.0,High,2
Debit,168.0,26574291.0,1.0,Low,0
Debit,102.0,45067754.0,1.0,Low,0
Debit,259.0,43513813.0,1.0,Low,0
Debit,45.0,50774146.0,1.0,Low,0
Debit,155.0,33837799.0,1.0,Low,0
Credit,211.0,33225187.0,2.0,High,2
Debit,207.0,39283624.0,1.0,Low,0
Debit,94.0,51801896.0,1.0,High,2
Credit,195.0,29605812.0,1.0,Low,0
Debit,105.0,37723235.0,1.0,Low,0
Debit,238.0,42911976.0,1.0,Low,0
Debit,123.0,49562523.0,1.0,Low,0
Debit,88.0,36163275.0,1.0,Low,0
Debit,84.0,29601584.0,1.0,Low,0
Debit,94.0,52587731.0,1.0,Low,0
Debit,136.0,35996893.0,1.0,Low,0
Debit,240.0,47488611.0,1.0,Low,0
Debit,199.0,36253722.0,1.0,Low,0
Debit,167.0,40491644.0,1.0,Low,0
Debit,127.0,28309783.0,1.0,Low,0
Debit,28.0,46963277.0,1.0,Low,0
Debit,146.0,28394359.0,1.0,Low,0
Credit,173.0,55612962.0,1.0,Low,0
Debit,131.0,39282289.0,1.0,Low,0
Debit,113.0,40401869.0,1.0,Low,0
Debit,72.0,38069020.0,2.0,Low,1
Credit,32.0,55611992.0,1.0,Low,0
Debit,91.0,36861598.0,1.0,Low,0
Debit,147.0,32880907.0,1.0,Low,0
Credit,95.0,43852246.0,1.0,Low,0
Credit,10.0,56217795.0,1.0,Low,0
Debit,185.0,31939000.0,1.0,Low,0
Debit,88.0,43774434.0,1.0,Low,0
Debit,34.0,51373364.0,1.0,Low,0
Debit,210.0,55002101.0,1.0,Low,0
Debit,89.0,40320268.0,1.0,Low,0
Credit,157.0,38068266.0,1.0,Low,0
Debit,15.0,47749036.0,1.0,Low,0
Debit,143.0,37116170.0,1.0,Low,0
Debit,139.0,52587451.0,1.0,Low,0
Debit,90.0,30725073.0,1.0,Low,0
Debit,50.0,40317176.0,1.0,Low,0
Debit,61.0,49556446.0,1.0,Low,0
Credit,58.0,45244319.0,1.0,Low,0
Debit,205.0,53794068.0,1.0,Low,0
Debit,56.0,46533181.0,1.0,Low,0
Debit,140.0,36774540.0,1.0,Low,0
Debit,179.0,57939351.0,1.0,Low,0
Debit,35.0,46193766.0,1.0,Low,0
Debit,103.0,53702714.0,1.0,Low,0
Debit,12.0,28993240.0,1.0,Low,0
Debit,11.0,56213001.0,1.0,Low,0
Debit,98.0,55005533.0,1.0,Low,0
Debit,60.0,26581785.0,1.0,Low,0
Debit,164.0,55870278.0,1.0,Low,0
Debit,43.0,53712342.0,1.0,Low,0
Debit,151.0,42040378.0,1.0,Low,0
Debit,150.0,39882709.0,1.0,Low,0
Debit,128.0,44377153.0,1.0,Low,0
Debit,81.0,57251447.0,1.0,Low,0
Debit,76.0,31678057.0,1.0,Low,0
Debit,99.0,54143329.0,1.0,Low,0
Debit,45.0,51719617.0,1.0,Low,0
Debit,150.0,56822860.0,1.0,Low,0
Debit,75.0,54748716.0,1.0,Low,0
Credit,29.0,43775397.0,1.0,Low,0
Debit,145.0,43515955.0,1.0,Low,0
Debit,87.0,40490966.0,1.0,Low,0
Debit,248.0,44466095.0,1.0,Low,0
Debit,156.0,36603630.0,1.0,Low,0
Debit,98.0,29340842.0,1.0,Low,0
Debit,143.0,41437132.0,1.0,Low,0
Debit,15.0,32368043.0,1.0,Low,0
Credit,130.0,42911283.0,1.0,Low,0
Debit,150.0,39280640.0,1.0,Low,0
Debit,172.0,45754724.0,1.0,Low,0
Credit,158.0,52843709.0,1.0,Low,0
Credit,50.0,27186016.0,1.0,Low,0
Credit,92.0,36855056.0,1.0,Low,0
Debit,76.0,27442154.0,1.0,Low,0
Debit,52.0,51984098.0,1.0,Low,0
Debit,54.0,29946289.0,1.0,Low,0
Debit,161.0,41957546.0,1.0,Low,0
Debit,150.0,38416623.0,1.0,Low,0
Debit,16.0,54747665.0,1.0,Low,0
Credit,75.0,29424663.0,1.0,Low,0
Debit,265.0,56731381.0,1.0,High,2
Debit,95.0,45926724.0,1.0,Low,0
Debit,102.0,43947115.0,1.0,Low,0
Debit,64.0,36512610.0,1.0,Low,0
Debit,105.0,39021695.0,1.0,Low,0
Debit,174.0,31068454.0,1.0,Low,0
Debit,14.0,43429505.0,1.0,Low,0
Credit,104.0,28391882.0,1.0,Low,0
Credit,193.0,34962656.0,1.0,Low,0
Debit,146.0,48265927.0,1.0,Low,0
Debit,51.0,47746210.0,1.0,Low,0
Debit,132.0,44726130.0,1.0,Low,0
Debit,50.0,56131529.0,1.0,Low,0
Debit,88.0,57335337.0,1.0,Low,0
Debit,111.0,38064931.0,2.0,Low,1
Debit,86.0,37463623.0,1.0,Low,0
Debit,142.0,27609022.0,1.0,Low,0
Debit,144.0,50771961.0,1.0,Low,0
Debit,118.0,36259268.0,1.0,Low,0
Debit,230.0,38410572.0,1.0,Low,0
Debit,85.0,57251534.0,1.0,High,2
Credit,125.0,51809821.0,1.0,Low,0
Debit,89.0,44725858.0,1.0,Low,0
Debit,142.0,38677244.0,1.0,Low,0
Debit,133.0,56210714.0,1.0,Low,0
Debit,134.0,26837490.0,1.0,Low,0
Credit,162.0,55608648.0,1.0,Low,0
Credit,14.0,32456739.0,1.0,Low,0
Debit,108.0,56476675.0,1.0,Low,0
Debit,177.0,53704723.0,1.0,Low,0
Debit,47.0,46884657.0,1.0,Low,0
Credit,92.0,38671755.0,1.0,Low,0
Debit,45.0,44118799.0,1.0,Low,0
Debit,160.0,51980888.0,1.0,Low,0
Credit,17.0,31849882.0,1.0,Low,0
Debit,143.0,31328904.0,1.0,High,2
Credit,58.0,46190611.0,1.0,Low,0
Debit,198.0,30210196.0,1.0,Low,0
Debit,19.0,51809402.0,1.0,Low,0
Debit,108.0,28652614.0,1.0,Low,0
Debit,276.0,27185737.0,2.0,Low,1
Credit,63.0,28733977.0,1.0,Low,0
Credit,16.0,47745384.0,1.0,Low,0
Debit,29.0,53791463.0,1.0,Low,0
Debit,28.0,54830058.0,1.0,Low,0
Debit,86.0,38589291.0,1.0,Low,0
Debit,143.0,43509258.0,1.0,Low,0
Debit,148.0,40397901.0,1.0,Low,0
Debit,285.0,31935835.0,1.0,Low,0
Credit,149.0,45929328.0,1.0,Low,0
Credit,136.0,38935590.0,1.0,Low,0
Credit,119.0,32974509.0,1.0,Low,0
Debit,58.0,39797614.0,1.0,Low,0
Debit,241.0,28048821.0,1.0,Low,0
Debit,76.0,49818732.0,1.0,Low,0
Debit,247.0,33746073.0,1.0,Low,0
Debit,49.0,27783202.0,1.0,Low,0
Debit,79.0,35303206.0,1.0,Low,0
Debit,30.0,42131942.0,1.0,Low,0
Debit,163.0,48351077.0,1.0,Low,0
Credit,46.0,29256105.0,1.0,Low,0
Credit,68.0,31332853.0,1.0,Low,0
Debit,176.0,48694763.0,1.0,Low,0
Debit,165.0,29341168.0,1.0,Low,0
Debit,214.0,39015609.0,1.0,Low,0
Debit,245.0,46972581.0,1.0,High,2
Debit,152.0,40492906.0,1.0,Low,0
Credit,174.0,47485544.0,1.0,Low,0
Debit,139.0,32458041.0,1.0,Low,0
Debit,55.0,47140698.0,1.0,Low,0
Debit,168.0,27004352.0,1.0,Low,0
Debit,222.0,33576380.0,1.0,Low,0
Credit,37.0,56817771.0,1.0,Low,0
Debit,76.0,46971098.0,1.0,Low,0
Debit,93.0,35393096.0,1.0,Low,0
Credit,63.0,51371955.0,1.0,Low,0
Credit,111.0,36514898.0,1.0,Low,0
Debit,91.0,29257580.0,1.0,Low,0
Debit,175.0,54826765.0,1.0,High,2
Debit,277.0,51981122.0,1.0,Low,0
Debit,100.0,43257526.0,1.0,Low,0
Credit,55.0,50083193.0,1.0,Low,0
Debit,143.0,45762673.0,1.0,Low,0
Debit,91.0,44983255.0,1.0,Low,0
Credit,31.0,29860292.0,1.0,Low,0
Debit,131.0,53193615.0,1.0,Low,0
Debit,14.0,30727878.0,1.0,Low,0
Debit,82.0,31420142.0,1.0,Low,0
Debit,297.0,56475846.0,1.0,Low,0
Debit,116.0,30633152.0,1.0,Low,0
Debit,126.0,33832219.0,1.0,Low,0
Debit,144.0,54313957.0,1.0,Low,0
Debit,162.0,46531489.0,1.0,Low,0
Debit,105.0,42646778.0,1.0,Low,0
Debit,117.0,35648773.0,1.0,Low,0
Debit,252.0,52839976.0,1.0,Low,0
Debit,158.0,35655086.0,1.0,Low,0
Debit,40.000000000000014,44035558.0,1.0,Low,0
Debit,39.0,37207724.0,1.0,Low,0
Credit,269.0,26579891.0,1.0,Low,0
Debit,110.0,44719046.0,1.0,Low,0
Debit,90.0,42297885.0,1.0,Low,0
Debit,188.0,50601058.0,1.0,Low,0
Debit,139.0,39801280.0,1.0,Low,0
Debit,159.0,58032005.0,1.0,Low,0
Debit,165.0,32368606.0,1.0,Low,0
Debit,262.0,37209021.0,1.0,Low,0
Credit,14.0,39276293.0,1.0,Low,0
Debit,105.0,39193448.0,1.0,Low,0
Debit,28.0,36681968.0,1.0,Low,0
Debit,87.0,51979356.0,1.0,Low,0
Debit,74.0,46971700.0,1.0,Low,0
Debit,227.0,37986037.0,1.0,Low,0
Credit,128.0,54400559.0,1.0,Low,0
Debit,164.0,55005396.0,1.0,Low,0
Credit,150.0,53191120.0,1.0,Low,0
Debit,196.0,38069548.0,1.0,Low,0
Credit,172.0,34272465.0,1.0,Low,0
Debit,238.0,32628850.0,1.0,Low,0
Debit,37.0,57425588.0,1.0,Low,0
Debit,83.0,46186433.0,1.0,Low,0
Debit,164.0,31155552.0,1.0,Low,0
Debit,95.0,30207186.0,1.0,Low,0
Credit,34.0,30810248.0,1.0,Low,0
Debit,115.0,50168559.0,1.0,Low,0
Credit,146.0,31418907.0,1.0,Low,0
Debit,62.0,32623571.0,1.0,High,2
Debit,157.0,42649987.0,1.0,Low,0
Debit,280.0,51978777.0,1.0,Low,0
Credit,105.0,31416760.0,1.0,Low,0
Credit,31.0,33580273.0,1.0,Low,0
Debit,44.0,40745611.0,1.0,Low,0
Debit,279.0,46366654.0,1.0,Low,0
Credit,252.0,53624984.0,1.0,Low,0
Debit,69.0,53185000.0,1.0,Low,0
Debit,100.0,34266649.0,1.0,Low,0
Credit,92.0,55611039.0,1.0,Low,0
Debit,162.0,30550443.0,1.0,High,2
Debit,142.0,54400967.0,1.0,Low,0
Debit,138.0,34699041.0,1.0,Low,0
Credit,100.0,38676529.0,1.0,Low,0
Debit,46.0,45933762.0,1.0,Low,0
Debit,63.0,31074009.0,1.0,Low,0
Debit,265.0,35046547.0,1.0,Low,0
Debit,107.0,45845689.0,1.0,High,2
Credit,113.0,42048355.0,1.0,Low,0
Credit,47.0,31073776.0,1.0,Low,0
Credit,118.0,39022329.0,1.0,Low,0
Debit,66.0,53531280.0,1.0,Low,0
Debit,135.0,47056940.0,1.0,Low,0
Debit,180.0,30211416.0,1.0,Low,0
Debit,105.0,44725403.0,1.0,Low,0
Debit,140.0,55005930.0,1.0,Low,0
Debit,153.0,29606194.0,1.0,Low,0
Debit,88.0,30553027.0,1.0,Low,0
Debit,35.0,56215103.0,1.0,Low,0
Debit,56.0,55603133.0,1.0,Low,0
Debit,139.0,54397375.0,1.0,Low,0
Debit,203.0,56213321.0,1.0,Low,0
Credit,145.0,47999982.0,1.0,Low,0
Credit,120.0,50169960.0,1.0,High,2
Debit,10.0,52232987.0,1.0,Low,0
Credit,158.0,56561131.0,1.0,Low,0
Debit,59.0,48701292.0,1.0,Low,0
Debit,219.0,55350908.0,1.0,Low,0
Debit,110.0,30814048.0,1.0,Low,0
Debit,105.0,34866881.0,1.0,Low,0
Credit,26.0,31066770.0,1.0,Low,0
Debit,66.0,32630912.0,1.0,Low,0
Debit,40.000000000000014,55611361.0,1.0,Low,0
Debit,77.0,28304749.0,1.0,Low,0
Debit,204.0,53620637.0,2.0,Low,1
Debit,43.0,54395592.0,2.0,Low,1
Debit,67.0,40489388.0,1.0,Low,0
Debit,81.0,41529473.0,1.0,Low,0
Debit,45.0,43341423.0,1.0,Low,0
Debit,109.0,42214906.0,1.0,Low,0
Debit,32.0,28908652.0,1.0,Low,0
Debit,155.0,38069902.0,1.0,Low,0
Debit,38.0,53015161.0,1.0,Low,0
Debit,25.0,29431315.0,2.0,Low,1
Credit,47.0,49558643.0,1.0,High,2
Debit,103.0,41697425.0,1.0,Low,0
Credit,53.0,48352796.0,1.0,Low,0
Debit,57.0,51984044.0,1.0,Low,0
Debit,22.0,29000518.0,1.0,Low,0
Debit,129.0,29604816.0,1.0,Low,0
Debit,269.0,45329744.0,1.0,Low,0
Credit,108.0,33146886.0,1.0,Low,0
Credit,109.0,38931181.0,1.0,High,2
Debit,68.0,56213323.0,1.0,Low,0
Debit,178.0,52413134.0,1.0,Low,0
Debit,51.0,49563898.0,1.0,Low,0
Debit,278.0,29605017.0,1.0,Low,0
Credit,63.0,52934417.0,1.0,Low,0
Debit,99.0,29000497.0,1.0,Low,0
Debit,26.0,34444005.0,1.0,Low,0
Credit,40.000000000000014,38066433.0,1.0,Low,0
Debit,216.0,43343240.0,1.0,Low,0
Debit,161.0,48176057.0,1.0,Low,0
Debit,109.0,42653271.0,1.0,Low,0
Debit,122.0,43766577.0,1.0,Low,0
Debit,103.0,56212076.0,1.0,Low,0
Credit,228.0,34702619.0,1.0,Low,0
Debit,11.0,36861109.0,1.0,Low,0
Debit,100.0,39277239.0,1.0,Low,0
Debit,87.0,53190203.0,1.0,Low,0
Debit,14.0,30207228.0,1.0,Low,0
Debit,119.0,46967073.0,1.0,Low,0
Credit,146.0,52585388.0,1.0,Low,0
Debit,147.0,58032147.0,1.0,Low,0
Debit,170.0,37811478.0,1.0,Low,0
Debit,43.0,38329229.0,1.0,Low,0
Debit,158.0,27182336.0,1.0,Low,0
Debit,94.0,27178942.0,1.0,Low,0
Debit,180.0,39022272.0,1.0,Low,0
Credit,141.0,32016158.0,1.0,Low,0
Debit,47.0,33579076.0,1.0,Low,0
Debit,105.0,38673609.0,1.0,Low,0
Debit,202.0,53100927.0,2.0,Low,1
Credit,86.0,47664358.0,1.0,Low,0
Credit,43.0,39886926.0,1.0,Low,0
Debit,38.0,48957683.0,1.0,Low,0
Credit,64.0,35654018.0,1.0,Low,0
Debit,269.0,39624139.0,1.0,Low,0
Debit,34.0,50169467.0,1.0,Low,0
Credit,135.0,44722037.0,1.0,Low,0
Credit,47.0,52934470.0,1.0,Low,0
Debit,47.999999999999986,53620182.0,1.0,Low,0
Debit,80.0,28397058.0,1.0,Low,0
Debit,115.0,40402280.0,1.0,Low,0
Debit,160.0,35654789.0,1.0,Low,0
Credit,261.0,35653936.0,1.0,Low,0
Debit,38.0,57427500.0,1.0,Low,0
Debit,145.0,31419337.0,1.0,Low,0
Debit,178.0,33573520.0,1.0,Low,0
Debit,121.0,29000272.0,1.0,Low,0
Debit,178.0,40230162.0,1.0,Low,0
Debit,35.0,47139290.0,1.0,Low,0
Credit,66.0,46281873.0,1.0,Low,0
Debit,248.0,41613890.0,1.0,Low,0
Debit,55.0,48959951.0,1.0,Low,0
Credit,22.0,42565156.0,1.0,Low,0
Credit,150.0,52414224.0,1.0,Low,0
Debit,15.0,50515601.0,1.0,Low,0
Credit,159.0,34960633.0,1.0,Low,0
Debit,176.0,41702049.0,1.0,Low,0
Debit,131.0,33840442.0,1.0,Low,0
Debit,147.0,44721569.0,2.0,Low,1
Credit,71.0,54225430.0,1.0,Low,0
Debit,157.0,27440273.0,1.0,Low,0
Debit,272.0,36517127.0,1.0,Low,0
Debit,146.0,45590870.0,1.0,Low,0
Debit,46.0,52842022.0,1.0,Low,0
Debit,268.0,42909865.0,1.0,Low,0
Debit,175.0,53191375.0,1.0,Low,0
Credit,94.0,27529741.0,1.0,Low,0
Debit,29.0,32015335.0,1.0,Low,0
Debit,163.0,37984765.0,1.0,Low,0
Credit,140.0,31853039.0,1.0,Low,0
Debit,169.0,41526759.0,1.0,Low,0
Debit,86.0,38410859.0,1.0,Low,0
Debit,165.0,27782830.0,1.0,Low,0
Debit,128.0,54140525.0,1.0,Low,0
Debit,102.0,44034374.0,1.0,Low,0
Debit,129.0,28994778.0,1.0,Low,0
Debit,69.0,39280648.0,1.0,Low,0
Debit,129.0,44113242.0,2.0,Low,1
Debit,70.0,45931505.0,1.0,Low,0
Credit,86.0,41526663.0,1.0,Low,0
Debit,38.0,28995341.0,1.0,High,2
Credit,84.0,50770567.0,1.0,Low,0
Debit,27.0,39712454.0,1.0,Low,0
Debit,124.0,47749687.0,1.0,Low,0
Debit,111.0,53798495.0,1.0,Low,0
Debit,55.0,55350345.0,1.0,Low,0
Debit,98.0,56819861.0,1.0,Low,0
Debit,128.0,38676927.0,1.0,Low,0
Debit,31.0,47144793.0,1.0,Low,0
Credit,69.0,27523437.0,1.0,Low,0
Credit,11.0,37815040.0,1.0,Low,0
Debit,73.0,33837398.0,1.0,Low,0
Credit,147.0,44720410.0,2.0,Low,1
Debit,20.0,35475627.0,1.0,Low,0
Debit,54.0,31766119.0,1.0,Low,0
Debit,291.0,57686209.0,1.0,High,2
Credit,93.0,40399322.0,1.0,Low,0
Debit,27.0,28396929.0,1.0,Low,0
Debit,277.0,31678732.0,1.0,Low,0
Debit,63.0,50168289.0,1.0,Low,0
Debit,47.0,58032609.0,1.0,Low,0
Debit,72.0,28652719.0,1.0,Low,0
Debit,51.0,40142836.0,1.0,Low,0
Debit,122.0,46186033.0,1.0,Low,0
Debit,138.0,56735861.0,1.0,Low,0
Credit,51.0,43856354.0,1.0,Low,0
Debit,206.0,41616059.0,1.0,Low,0
Debit,49.0,33837454.0,1.0,Low,0
Debit,242.0,35042942.0,1.0,Low,0
Debit,135.0,39882257.0,1.0,Low,0
Debit,79.0,57770879.0,1.0,Low,0
Debit,51.0,41697897.0,1.0,Low,0
Debit,164.0,33234241.0,1.0,Low,0
Credit,40.000000000000014,35395190.0,1.0,Low,0
Debit,20.999999999999986,27783872.0,1.0,Low,0
Debit,150.0,32023572.0,2.0,Low,1
Debit,65.0,27790519.0,1.0,Low,0
Credit,47.999999999999986,43516082.0,1.0,Low,0
Debit,157.0,33232814.0,1.0,Low,0
Debit,269.0,48267678.0,1.0,Low,0
Debit,63.0,56217155.0,1.0,Low,0
Credit,64.0,27618820.0,1.0,Low,0
Debit,78.0,46280998.0,1.0,Low,0
Debit,273.0,57420785.0,1.0,Low,0
Debit,72.0,40487833.0,1.0,Low,0
Debit,137.0,55523669.0,1.0,Low,0
Debit,82.0,42652739.0,1.0,Low,0
Debit,35.0,44552694.0,1.0,Low,0
Debit,298.0,43770960.0,1.0,Low,0
Debit,11.0,34354912.0,1.0,Low,0
Debit,126.0,56820492.0,1.0,Low,0
Debit,153.0,48691860.0,1.0,Low,0
Debit,125.0,50768215.0,1.0,Low,0
Debit,71.0,32371096.0,1.0,Low,0
Debit,46.0,37726014.0,1.0,Low,0
Credit,223.0,36768123.0,1.0,Low,0
Credit,53.0,28997060.0,2.0,Low,1
Debit,122.0,38674415.0,1.0,Low,0
Credit,116.0,26840238.0,1.0,Low,0
Debit,66.0,53796087.0,1.0,Low,0
Debit,236.0,46185839.0,1.0,Low,0
Credit,47.999999999999986,39713377.0,1.0,Low,0
Debit,174.0,39801533.0,1.0,Low,0
Debit,42.0,37381880.0,1.0,Low,0
Credit,38.0,37381459.0,1.0,Low,0
Debit,103.0,29255205.0,1.0,Low,0
Credit,212.0,32024901.0,1.0,Low,0
Debit,105.0,48005926.0,1.0,Low,0
Debit,34.0,32025994.0,1.0,Low,0
Debit,131.0,50680244.0,1.0,Low,0
Credit,108.0,49562425.0,1.0,Low,0
Debit,101.0,43427149.0,1.0,Low,0
Debit,31.0,53190511.0,1.0,Low,0
Debit,80.0,55006650.0,1.0,Low,0
Credit,188.0,49385933.0,1.0,Low,0
Debit,113.0,55261476.0,1.0,Low,0
Credit,171.0,37463784.0,1.0,Low,0
Debit,49.0,34787103.0,1.0,Low,0
Debit,148.0,38676848.0,2.0,Low,1
Debit,77.0,55350742.0,1.0,High,2
Credit,68.0,26581095.0,1.0,Low,0
Debit,31.0,37464684.0,1.0,Low,0
Debit,115.0,53529929.0,1.0,Low,0
Debit,248.0,35995585.0,1.0,Low,0
Debit,211.0,33227678.0,1.0,Low,0
Debit,20.0,48960336.0,1.0,Low,0
Debit,74.0,46453038.0,1.0,Low,0
Debit,261.0,37373983.0,1.0,Low,0
Debit,140.0,42040729.0,1.0,Low,0
Debit,66.0,57772427.0,1.0,Low,0
Debit,194.0,39282865.0,1.0,Low,0
Debit,138.0,36512367.0,1.0,Low,0
Credit,177.0,51637649.0,1.0,Low,0
Debit,151.0,36514900.0,1.0,Low,0
Debit,96.0,52586619.0,1.0,High,2
Debit,127.0,49558956.0,1.0,Low,0
Debit,16.0,30813724.0,1.0,Low,0
Debit,180.0,43857914.0,1.0,Low,0
Debit,143.0,38416309.0,1.0,Low,0
Debit,17.0,50773081.0,1.0,Low,0
Debit,105.0,54661187.0,1.0,Low,0
Debit,50.0,48694497.0,1.0,Low,0
Debit,163.0,40492364.0,1.0,Low,0
Debit,238.0,51983735.0,1.0,Low,0
Debit,135.0,42219401.0,1.0,Low,0
Debit,50.0,51379394.0,1.0,Low,0
Credit,245.0,57424624.0,1.0,Low,0
Debit,180.0,38936373.0,1.0,Low,0
Debit,105.0,41096349.0,1.0,Low,0
Debit,103.0,32019683.0,1.0,Low,0
Debit,93.0,42739182.0,1.0,Low,0
Debit,31.0,36166707.0,1.0,Low,0
Credit,132.0,38418572.0,1.0,Low,0
Debit,208.0,38066659.0,1.0,Low,0
Debit,75.0,37287050.0,1.0,Low,0
Debit,102.0,34272507.0,1.0,Low,0
Debit,160.0,29518287.0,1.0,Low,0
Debit,123.0,47662764.0,1.0,Low,0
Credit,237.0,27703700.0,1.0,Low,0
Credit,230.0,33143056.0,1.0,Low,0
Credit,167.0,43514993.0,1.0,Low,0
Credit,31.0,40232352.0,1.0,Low,0
Credit,216.0,52241442.0,1.0,Low,0
Credit,104.0,49560106.0,1.0,Low,0
Credit,137.0,47144068.0,1.0,Low,0
Debit,273.0,42912180.0,2.0,Low,1
Debit,34.0,30719960.0,1.0,Low,0
Debit,134.0,55008055.0,1.0,Low,0
Debit,78.0,53709371.0,1.0,Low,0
Debit,164.0,32968680.0,1.0,Low,0
Credit,78.0,29517302.0,1.0,Low,0
Debit,144.0,41441102.0,1.0,Low,0
Debit,132.0,29605386.0,1.0,Low,0
Debit,63.0,46535675.0,1.0,Low,0
Debit,213.0,30555418.0,1.0,Low,0
Debit,63.0,54747647.0,1.0,Low,0
Credit,115.0,45321253.0,1.0,Low,0
Credit,41.0,54317118.0,1.0,Low,0
Credit,87.0,53445970.0,1.0,Low,0
Debit,164.0,40492160.0,1.0,Low,0
Debit,105.0,30814799.0,1.0,Low,0
Debit,177.0,38505410.0,1.0,Low,0
Credit,176.0,37121449.0,1.0,Low,0
Credit,148.0,41439253.0,1.0,Low,0
Credit,118.0,36258648.0,1.0,Low,0
Debit,133.0,35047855.0,1.0,Low,0
Credit,52.0,39800685.0,1.0,Low,0
Debit,65.0,57425094.0,1.0,Low,0
Credit,143.0,48611018.0,1.0,Low,0
Debit,133.0,56733098.0,1.0,Low,0
Credit,287.0,45934551.0,1.0,Low,0
Debit,53.0,33235168.0,1.0,Low,0
Credit,83.0,44465161.0,1.0,Low,0
Debit,32.0,26834550.0,1.0,Low,0
Debit,258.0,32025910.0,1.0,Low,0
Debit,74.0,33233167.0,1.0,Low,0
Debit,78.0,36768405.0,1.0,Low,0
Debit,13.000000000000014,36258237.0,1.0,Low,0
Debit,168.0,29256284.0,1.0,Low,0
Credit,41.0,44631588.0,1.0,Low,0
Debit,246.0,35043541.0,1.0,Low,0
Debit,38.0,46276487.0,1.0,Low,0
Debit,30.0,45330545.0,1.0,Low,0
Debit,255.0,47489383.0,1.0,Low,0
Debit,140.0,39194463.0,1.0,Low,0
Debit,149.0,49904695.0,1.0,Low,0
Debit,102.0,36258374.0,1.0,Low,0
Credit,99.0,37122993.0,1.0,Low,0
Debit,49.0,56559698.0,1.0,Low,0
Debit,91.0,29261217.0,1.0,Low,0
Credit,199.0,53016245.0,1.0,Low,0
Credit,103.0,27532067.0,1.0,High,2
Debit,185.0,38670798.0,1.0,Low,0
Debit,159.0,27702599.0,1.0,Low,0
Debit,45.0,56817732.0,1.0,Low,0
Debit,89.0,35040180.0,1.0,Low,0
Debit,93.0,31852930.0,1.0,Low,0
Debit,179.0,55006800.0,1.0,Low,0
Debit,174.0,40230820.0,1.0,Low,0
Credit,96.0,55003176.0,1.0,Low,0
Debit,12.0,41695831.0,1.0,Low,0
Credit,46.0,28137139.0,1.0,Low,0
Debit,275.0,42297363.0,1.0,Low,0
Debit,56.0,35565042.0,1.0,Low,0
Credit,158.0,38067895.0,1.0,Low,0
Debit,136.0,27093242.0,1.0,Low,0
Debit,181.0,35651862.0,1.0,Low,0
Debit,219.0,27182881.0,1.0,Low,0
Debit,172.0,46188628.0,1.0,Low,0
Debit,135.0,37123346.0,1.0,Low,0
Debit,17.0,34357954.0,1.0,Low,0
Debit,33.0,44035153.0,1.0,Low,0
Debit,40.000000000000014,58027089.0,1.0,Low,0
Credit,41.0,56039539.0,1.0,Low,0
Credit,64.0,42563532.0,1.0,Low,0
Debit,72.0,45676563.0,1.0,Low,0
Debit,45.0,35046555.0,1.0,Low,0
Debit,79.0,37896299.0,1.0,Low,0
Debit,95.0,57944654.0,1.0,Low,0
Credit,12.0,46192926.0,1.0,Low,0
Debit,93.0,33746208.0,1.0,Low,0
Debit,20.0,28388107.0,1.0,Low,0
Debit,66.0,45674706.0,1.0,Low,0
Debit,169.0,29949176.0,1.0,Low,0
Debit,175.0,31677431.0,1.0,Low,0
Debit,52.0,27181679.0,1.0,Low,0
Debit,84.0,28913757.0,1.0,Low,0
Debit,172.0,49995864.0,1.0,Low,0
Credit,97.0,34870755.0,1.0,Low,0
Debit,27.0,51116363.0,1.0,Low,0
Credit,118.0,57941529.0,1.0,Low,0
Debit,65.0,42041645.0,1.0,Low,0
Debit,27.0,43854054.0,1.0,High,2
Debit,175.0,43515916.0,1.0,Low,0
Credit,31.0,47052794.0,1.0,Low,0
Debit,213.0,30210063.0,1.0,Low,0
Debit,47.999999999999986,37809245.0,2.0,Low,1
Credit,147.0,30035358.0,1.0,Low,0
Debit,274.0,26577061.0,1.0,Low,0
Debit,69.0,38068585.0,1.0,Low,0
Debit,88.0,29433509.0,1.0,Low,0
Debit,285.0,51119457.0,1.0,Low,0
Debit,219.0,57077436.0,1.0,Low,0
Credit,162.0,39015077.0,1.0,Low,0
Debit,70.0,39101222.0,1.0,Low,0
Debit,197.0,38587570.0,1.0,Low,0
Debit,67.0,38586913.0,1.0,Low,0
Debit,24.0,53193768.0,1.0,Low,0
Debit,213.0,33061811.0,1.0,Low,0
Credit,198.0,44978259.0,1.0,Low,0
Debit,122.0,46190898.0,1.0,Low,0
Credit,118.0,45762888.0,1.0,Low,0
Debit,150.0,33579398.0,1.0,Low,0
Debit,133.0,44725432.0,1.0,Low,0
Debit,121.0,53186949.0,1.0,Low,0
Debit,70.0,48610039.0,1.0,Low,0
Debit,144.0,39881693.0,1.0,Low,0
Debit,75.0,57680088.0,1.0,Low,0
Credit,114.0,40489715.0,1.0,Low,0
Credit,144.0,30811106.0,1.0,Low,0
Credit,189.0,41526814.0,1.0,Low,0
Credit,156.0,41956278.0,1.0,High,2
Debit,15.0,38063837.0,1.0,Low,0
Debit,50.0,51375448.0,1.0,Low,0
Debit,38.0,45588239.0,1.0,Low,0
Debit,15.0,48863659.0,1.0,Low,0
Credit,160.0,35653242.0,1.0,Low,0
Credit,33.0,37380017.0,1.0,Low,0
Debit,236.0,50688590.0,1.0,Low,0
Debit,102.0,55954193.0,1.0,Low,0
Debit,114.0,41702863.0,1.0,Low,0
Debit,265.0,44375255.0,1.0,Low,0
Debit,179.0,50167492.0,2.0,Low,1
Credit,128.0,28742381.0,1.0,Low,0
Debit,52.0,49820286.0,1.0,Low,0
Debit,171.0,32540660.0,1.0,Low,0
Debit,25.0,28396693.0,1.0,Low,0
Credit,19.0,48264709.0,1.0,Low,0
Debit,63.0,53194212.0,1.0,Low,0
Debit,52.0,48955482.0,1.0,Low,0
Credit,62.0,51289048.0,1.0,Low,0
Credit,80.0,42129996.0,1.0,Low,0
Debit,169.0,40147492.0,1.0,Low,0
Credit,68.0,39797332.0,1.0,Low,0
Debit,63.0,42652956.0,1.0,Low,0
Credit,51.0,39283415.0,1.0,Low,0
Debit,83.0,46535086.0,1.0,Low,0
Credit,124.0,52242545.0,1.0,Low,0
Credit,96.0,36251992.0,1.0,Low,0
Debit,52.0,39885703.0,1.0,Low,0
Debit,37.0,35910695.0,1.0,Low,0
Debit,45.0,51205991.0,1.0,Low,0
Debit,295.0,41527201.0,1.0,Low,0
Debit,115.0,52412481.0,1.0,Low,0
Debit,47.999999999999986,35645470.0,1.0,Low,0
Debit,96.0,27185937.0,1.0,Low,0
Debit,98.0,39109573.0,1.0,Low,0
Debit,147.0,46882570.0,1.0,Low,0
Debit,30.0,40919536.0,1.0,Low,0
Debit,37.0,50769998.0,1.0,Low,0
Debit,134.0,57339559.0,1.0,Low,0
Debit,152.0,45322006.0,1.0,Low,0
Debit,96.0,34353612.0,1.0,Low,0
Credit,289.0,57161408.0,1.0,Low,0
Debit,90.0,47749655.0,1.0,Low,0
Credit,137.0,33660435.0,1.0,Low,0
Debit,156.0,56562096.0,1.0,Low,0
Debit,68.0,54228039.0,1.0,Low,0
Debit,51.0,47143858.0,1.0,Low,0
Debit,157.0,31671300.0,1.0,Low,0
Debit,288.0,43341488.0,1.0,Low,0
Credit,68.0,51377779.0,1.0,Low,0
Debit,66.0,27615353.0,1.0,Low,0
Debit,284.0,30207737.0,1.0,Low,0
Credit,122.0,29600910.0,1.0,Low,0
Debit,47.0,46451672.0,1.0,Low,0
Debit,45.0,30468724.0,1.0,Low,0
Credit,49.0,49216651.0,1.0,Low,0
Credit,99.0,37726893.0,1.0,Low,0
Credit,167.0,39281369.0,1.0,Low,0
Debit,116.0,44374438.0,1.0,Low,0
Debit,233.0,50771004.0,1.0,Low,0
Debit,47.0,38679081.0,1.0,Low,0
Debit,68.0,36772589.0,2.0,Low,1
Credit,66.0,51377985.0,1.0,Low,0
Debit,39.0,43515856.0,1.0,Low,0
Credit,121.0,45069089.0,1.0,Low,0
Debit,90.0,47747701.0,1.0,Low,0
Debit,181.0,56646567.0,1.0,Low,0
Credit,172.0,53190312.0,1.0,Low,0
Debit,39.0,26926309.0,1.0,Low,0
Debit,51.0,43860042.0,1.0,Low,0
Debit,173.0,29951577.0,1.0,Low,0
Debit,161.0,45156061.0,1.0,Low,0
Debit,107.0,31239497.0,1.0,Low,0
Debit,111.0,53193299.0,1.0,Low,0
Credit,225.0,43340311.0,1.0,Low,0
Debit,36.0,57427329.0,1.0,Low,0
Credit,91.0,33232836.0,1.0,Low,0
Debit,44.0,57937841.0,1.0,Low,0
Credit,40.000000000000014,36777818.0,2.0,Low,1
Debit,95.0,35395346.0,1.0,High,2
Debit,159.0,36255741.0,1.0,Low,0
Debit,77.0,31073077.0,1.0,Low,0
Debit,212.0,44120016.0,1.0,Low,0
Debit,111.0,28741696.0,1.0,Low,0
Credit,84.0,58032668.0,1.0,Low,0
Debit,44.0,39191263.0,1.0,Low,0
Debit,143.0,33231689.0,1.0,Low,0
Debit,163.0,33835123.0,1.0,Low,0
Debit,52.0,33835716.0,1.0,Low,0
Debit,280.0,57080838.0,1.0,Low,0
Debit,111.0,32889943.0,1.0,Low,0
Credit,196.0,36079228.0,1.0,Low,0
Debit,83.0,47485213.0,1.0,Low,0
Debit,263.0,34268400.0,1.0,Low,0
Credit,247.0,50163034.0,1.0,Low,0
Debit,55.0,40399607.0,1.0,Low,0
Debit,103.0,43426993.0,1.0,Low,0
Debit,152.0,52241690.0,1.0,Low,0
Debit,153.0,43421272.0,1.0,Low,0
Debit,89.0,41355973.0,1.0,Low,0
Debit,201.0,29603541.0,1.0,Low,0
Debit,166.0,44372170.0,1.0,Low,0
Debit,129.0,32024077.0,1.0,Low,0
Credit,66.0,37382137.0,1.0,Low,0
Debit,263.0,39279063.0,1.0,Low,0
Debit,59.0,45847634.0,1.0,Low,0
Debit,118.0,54743014.0,1.0,Low,0
Debit,91.0,42819634.0,1.0,Low,0
Credit,132.0,51976004.0,1.0,Low,0
Debit,251.0,35654002.0,1.0,Low,0
Debit,24.0,42041774.0,1.0,Low,0
Debit,46.0,32974370.0,1.0,Low,0
Debit,251.0,48006958.0,1.0,Low,0
Credit,145.0,42732493.0,1.0,Low,0
Debit,161.0,52410375.0,1.0,Low,0
Debit,147.0,34875833.0,1.0,Low,0
Debit,116.0,35480409.0,1.0,Low,0
Debit,179.0,34090046.0,1.0,Low,0
Debit,75.0,57249684.0,1.0,Low,0
Debit,47.999999999999986,43252758.0,1.0,Low,0
Debit,27.0,47144517.0,1.0,Low,0
Debit,121.0,38933813.0,1.0,Low,0
Debit,81.0,37810572.0,1.0,Low,0
Debit,189.0,53706372.0,1.0,Low,0
Credit,139.0,28995213.0,1.0,Low,0
Debit,47.0,29000707.0,2.0,Low,1
Debit,145.0,27526243.0,2.0,Low,1
Debit,293.0,44457260.0,1.0,Low,0
Credit,146.0,35650161.0,2.0,Low,1
Credit,137.0,56815451.0,1.0,Low,0
Debit,172.0,43169455.0,1.0,Low,0
Credit,104.0,30209823.0,1.0,Low,0
Credit,161.0,48351799.0,1.0,Low,0
Debit,41.0,57681380.0,1.0,Low,0
Debit,105.0,51808953.0,1.0,Low,0
Debit,93.0,42906544.0,1.0,Low,0
Debit,85.0,55603382.0,1.0,Low,0
Debit,155.0,52934427.0,1.0,Low,0
Debit,174.0,26925519.0,1.0,Low,0
Debit,173.0,27611828.0,1.0,Low,0
Debit,68.0,54747587.0,1.0,Low,0
Debit,80.0,54999077.0,1.0,Low,0
Debit,185.0,45848456.0,1.0,Low,0
Debit,40.000000000000014,36600738.0,1.0,Low,0
Debit,280.0,30814443.0,1.0,Low,0
Debit,109.0,45243772.0,1.0,Low,0
Debit,106.0,51374327.0,1.0,Low,0
Debit,283.0,55608363.0,1.0,Low,0
Debit,255.0,41097818.0,1.0,Low,0
Debit,87.0,39533561.0,1.0,Low,0
Debit,34.0,51983093.0,1.0,Low,0
Debit,109.0,52500040.0,1.0,Low,0
Credit,92.0,44117851.0,1.0,Low,0
Debit,103.0,54916429.0,1.0,Low,0
Credit,83.0,35908750.0,1.0,Low,0
Debit,97.0,39023813.0,1.0,Low,0
Credit,216.0,45929496.0,1.0,Low,0
Credit,125.0,44726335.0,1.0,Low,0
Debit,151.0,29863343.0,1.0,Low,0
Debit,78.0,27442714.0,1.0,Low,0
Debit,114.0,50767428.0,1.0,Low,0
Debit,91.0,33061256.0,1.0,Low,0
Debit,66.0,51030244.0,1.0,Low,0
Debit,300.0,29001232.0,1.0,Low,0
Debit,106.0,30721066.0,1.0,Low,0
Debit,111.0,53537359.0,1.0,Low,0
Credit,50.0,47136582.0,1.0,Low,0
Debit,179.0,54833065.0,1.0,Low,0
Debit,146.0,43253637.0,1.0,Low,0
Debit,150.0,47057490.0,1.0,Low,0
Debit,95.0,30815456.0,1.0,Low,0
Debit,31.0,52588548.0,1.0,Low,0
Debit,160.0,46877904.0,1.0,Low,0
Debit,295.0,42911883.0,1.0,Low,0
Debit,217.0,30814070.0,1.0,Low,0
Credit,148.0,47404748.0,1.0,Low,0
Debit,160.0,30468056.0,1.0,Low,0
Debit,148.0,45930377.0,1.0,Low,0
Credit,41.0,29259342.0,1.0,Low,0
Debit,17.0,45935057.0,1.0,Low,0
Credit,149.0,54832749.0,1.0,Low,0
Debit,174.0,48950934.0,1.0,Low,0
Debit,47.0,51982568.0,1.0,Low,0
Debit,243.0,33493793.0,1.0,Low,0
Debit,136.0,31766641.0,1.0,Low,0
Debit,140.0,33233973.0,1.0,Low,0
Credit,243.0,50168855.0,1.0,Low,0
Debit,116.0,50160849.0,1.0,Low,0
Debit,146.0,44116483.0,1.0,Low,0
Debit,65.0,48957404.0,1.0,Low,0
Debit,175.0,41693804.0,1.0,Low,0
Debit,64.0,44548245.0,1.0,Low,0
Debit,61.0,47403199.0,1.0,Low,0
Debit,145.0,27438202.0,1.0,Low,0
Debit,235.0,35048873.0,1.0,Low,0
Debit,164.0,48351235.0,1.0,Low,0
Debit,33.0,28387713.0,1.0,Low,0
Debit,102.0,32970990.0,1.0,Low,0
Debit,132.0,50427236.0,1.0,Low,0
Debit,23.0,43165686.0,1.0,Low,0
Debit,148.0,36077575.0,1.0,Low,0
Debit,51.0,53797408.0,1.0,Low,0
Credit,137.0,41093932.0,1.0,Low,0
Credit,99.0,41437072.0,1.0,Low,0
Debit,143.0,54400017.0,1.0,Low,0
Debit,164.0,41009521.0,1.0,Low,0
Debit,165.0,49823476.0,1.0,Low,0
Credit,86.0,27783946.0,1.0,Low,0
Debit,28.0,49388657.0,1.0,Low,0
Credit,151.0,29599750.0,1.0,Low,0
Debit,166.0,30555187.0,1.0,Low,0
Debit,243.0,35562191.0,1.0,Low,0
Debit,15.0,36775212.0,1.0,Low,0
Debit,254.0,53796749.0,1.0,Low,0
Debit,282.0,45325460.0,1.0,Low,0
Debit,77.0,45583983.0,1.0,Low,0
Debit,91.0,55263591.0,1.0,Low,0
Credit,45.0,53190629.0,1.0,Low,0
Debit,76.0,31677644.0,1.0,Low,0
Debit,173.0,28994697.0,1.0,Low,0
Credit,122.0,48699295.0,1.0,Low,0
Credit,112.0,39282774.0,1.0,Low,0
Debit,179.0,34701390.0,1.0,Low,0
Credit,109.0,38928604.0,1.0,Low,0
Debit,258.0,56815745.0,1.0,Low,0
Debit,41.0,27100868.0,1.0,Low,0
Debit,82.0,40137873.0,1.0,Low,0
Debit,72.0,47143867.0,1.0,Low,0
Credit,205.0,33577986.0,1.0,Low,0
Debit,217.0,32022185.0,1.0,Low,0
Debit,144.0,37469383.0,1.0,Low,0
Debit,118.0,50771575.0,1.0,Low,0
Debit,32.0,27787602.0,1.0,Low,0
Debit,120.0,46969470.0,1.0,Low,0
Debit,17.0,40228872.0,1.0,Low,0
Debit,203.0,36171500.0,1.0,Low,0
Debit,86.0,46540475.0,1.0,Low,0
Credit,233.0,40313629.0,1.0,Low,0
Credit,201.0,45847400.0,1.0,Low,0
Debit,146.0,54397345.0,1.0,Low,0
Credit,251.0,30810284.0,1.0,Low,0
Debit,132.0,48008134.0,1.0,Low,0
Debit,129.0,37985751.0,1.0,Low,0
Debit,67.0,36858918.0,1.0,Low,0
Debit,49.0,27095471.0,1.0,Low,0
Debit,153.0,51376940.0,1.0,Low,0
Credit,37.0,53620617.0,1.0,Low,0
Debit,19.0,51721787.0,1.0,Low,0
Debit,199.0,57769948.0,1.0,Low,0
Debit,123.0,35563583.0,1.0,Low,0
Debit,288.0,48353012.0,1.0,Low,0
Debit,56.0,54143282.0,1.0,Low,0
Debit,243.0,37203925.0,1.0,Low,0
Debit,74.0,52844563.0,1.0,Low,0
Debit,171.0,29427849.0,1.0,Low,0
Debit,71.0,49563928.0,2.0,Low,1
Credit,134.0,38072815.0,2.0,Low,1
Debit,31.0,33229513.0,1.0,Low,0
Debit,68.0,56041102.0,1.0,Low,0
Credit,88.0,38673755.0,2.0,Low,1
Credit,107.0,27445596.0,1.0,Low,0
Credit,30.0,28394037.0,1.0,Low,0
Debit,49.0,29600283.0,1.0,Low,0
Debit,63.0,49821499.0,1.0,Low,0
Debit,229.0,37462335.0,1.0,Low,0
Debit,180.0,41004132.0,1.0,Low,0
Credit,175.0,35040141.0,1.0,Low,0
Debit,38.0,56733298.0,1.0,Low,0
Debit,47.0,52413220.0,1.0,Low,0
Credit,160.0,39621131.0,1.0,Low,0
Credit,248.0,31848213.0,1.0,Low,0
Debit,29.0,42305161.0,1.0,Low,0
Debit,292.0,47747001.0,1.0,Low,0
Credit,274.0,44030452.0,1.0,High,2
Debit,204.0,55526641.0,1.0,Low,0
Debit,283.0,27615079.0,1.0,Low,0
Credit,140.0,44545744.0,1.0,Low,0
Debit,88.0,31419835.0,1.0,Low,0
Debit,108.0,48869674.0,1.0,Low,0
Credit,222.0,57338397.0,1.0,Low,0
Debit,98.0,46280680.0,1.0,Low,0
Debit,94.0,29603283.0,1.0,Low,0
Debit,168.0,31419046.0,1.0,Low,0
Debit,38.0,52581843.0,1.0,Low,0
Credit,195.0,34870436.0,1.0,Low,0
Debit,215.0,56475317.0,1.0,Low,0
Debit,76.0,31937093.0,1.0,Low,0
Credit,75.0,37892858.0,1.0,Low,0
Debit,122.0,33830858.0,1.0,Low,0
Debit,73.0,55436255.0,1.0,Low,0
Debit,78.0,35652547.0,1.0,Low,0
Credit,116.0,45933494.0,1.0,Low,0
Debit,150.0,36602466.0,1.0,Low,0
Credit,56.0,44725552.0,1.0,Low,0
Debit,47.0,29601253.0,1.0,Low,0
Debit,56.0,42823028.0,1.0,Low,0
Debit,149.0,31239902.0,1.0,Low,0
Debit,182.0,48952177.0,1.0,Low,0
Debit,15.0,39193346.0,1.0,Low,0
Credit,93.0,45587735.0,1.0,Low,0
Debit,148.0,57770981.0,1.0,High,2
Debit,84.0,51805746.0,1.0,Low,0
Debit,194.0,35996564.0,1.0,Low,0
Debit,158.0,40493169.0,1.0,Low,0
Debit,129.0,49303754.0,1.0,Low,0
Credit,176.0,29000867.0,1.0,Low,0
Debit,111.0,32025113.0,1.0,Low,0
Debit,229.0,51374701.0,1.0,Low,0
Credit,122.0,45331145.0,1.0,Low,0
Debit,118.0,31324301.0,1.0,Low,0
Debit,52.0,57164246.0,1.0,Low,0
Credit,217.0,33831820.0,1.0,Low,0
Debit,129.0,36775516.0,1.0,Low,0
Debit,41.0,38418000.0,1.0,Low,0
Debit,17.0,40492630.0,1.0,Low,0
Debit,150.0,41006882.0,1.0,Low,0
Debit,69.0,33060411.0,1.0,Low,0
Debit,268.0,32883584.0,1.0,Low,0
Debit,36.0,39710303.0,1.0,Low,0
Debit,140.0,57247344.0,1.0,Low,0
Debit,40.000000000000014,29520043.0,1.0,Low,0
Credit,98.0,50773240.0,1.0,Low,0
Debit,117.0,58030698.0,1.0,Low,0
Debit,12.0,32543838.0,1.0,Low,0
Debit,171.0,40233895.0,1.0,Low,0
Debit,49.0,56729907.0,1.0,Low,0
Debit,97.0,46452100.0,1.0,Low,0
Credit,141.0,47144792.0,1.0,Low,0
Debit,292.0,54400708.0,1.0,Low,0
Debit,109.0,30729656.0,1.0,Low,0
Debit,94.0,29513243.0,1.0,Low,0
Debit,118.0,32970477.0,1.0,Low,0
Credit,72.0,48010113.0,1.0,Low,0
Credit,240.0,32018051.0,2.0,Low,1
Debit,23.0,33148858.0,1.0,High,2
Credit,150.0,48354722.0,1.0,Low,0
Debit,154.0,36076983.0,1.0,Low,0
Debit,84.0,39795432.0,1.0,Low,0
Debit,75.0,58032547.0,1.0,Low,0
Debit,79.0,42647363.0,1.0,Low,0
Credit,134.0,40404202.0,1.0,Low,0
Credit,218.0,35047235.0,1.0,Low,0
Debit,28.0,51201597.0,1.0,Low,0
Debit,276.0,37469213.0,1.0,Low,0
Debit,155.0,53797656.0,1.0,Low,0
Debit,167.0,57423502.0,1.0,Low,0
Debit,33.0,29604897.0,1.0,Low,0
Debit,101.0,27184499.0,1.0,Low,0
Debit,212.0,49219808.0,1.0,Low,0
Debit,173.0,52847210.0,1.0,Low,0
Debit,150.0,34099508.0,2.0,Low,1
Credit,269.0,48784049.0,1.0,Low,0
Credit,177.0,44725901.0,1.0,Low,0
Debit,147.0,31414281.0,1.0,Low,0
Debit,31.0,51375257.0,1.0,Low,0
Debit,178.0,43257892.0,1.0,Low,0
Debit,278.0,44550571.0,1.0,Low,0
Debit,293.0,49910615.0,1.0,Low,0
Credit,143.0,35475040.0,1.0,Low,0
Debit,158.0,37465311.0,1.0,Low,0
Debit,211.0,27182284.0,1.0,Low,0
Debit,234.0,35048568.0,1.0,Low,0
Debit,80.0,30468680.0,1.0,Low,0
Credit,93.0,42909215.0,1.0,Low,0
Debit,59.0,48954247.0,1.0,Low,0
Debit,129.0,40830199.0,1.0,Low,0
Debit,46.0,27180494.0,1.0,Low,0
Debit,18.0,38503642.0,1.0,Low,0
Debit,175.0,28656224.0,1.0,Low,0
Debit,114.0,54056455.0,1.0,Low,0
Debit,170.0,43948212.0,1.0,Low,0
Credit,78.0,46195764.0,1.0,Low,0
Debit,17.0,53798408.0,1.0,Low,0
Debit,162.0,56217719.0,1.0,Low,0
Debit,115.0,34436836.0,1.0,Low,0
Credit,137.0,28915563.0,1.0,Low,0
Debit,35.0,28821137.0,1.0,Low,0
Debit,149.0,37812169.0,1.0,Low,0
Debit,144.0,39023183.0,1.0,Low,0
Debit,120.0,31670632.0,1.0,Low,0
Debit,37.0,52845040.0,1.0,Low,0
Debit,176.0,35653142.0,1.0,Low,0
Debit,20.999999999999986,41529318.0,1.0,Low,0
Debit,31.0,39628089.0,2.0,Low,1
Debit,167.0,44466075.0,1.0,Low,0
Debit,150.0,45322910.0,1.0,Low,0
Debit,30.0,44721626.0,1.0,Low,0
Credit,92.0,51379597.0,1.0,Low,0
Debit,171.0,30638199.0,1.0,Low,0
Debit,145.0,36252924.0,1.0,Low,0
Credit,253.0,40227412.0,1.0,Low,0
Debit,146.0,33494526.0,1.0,Low,0
Debit,27.0,41700348.0,1.0,Low,0
Credit,288.0,32278557.0,1.0,Low,0
Debit,127.0,28049547.0,1.0,Low,0
Debit,157.0,42305572.0,1.0,Low,0
Debit,141.0,38066296.0,1.0,Low,0
Debit,49.0,41011402.0,1.0,Low,0
Credit,58.0,50768208.0,1.0,Low,0
Credit,154.0,27705444.0,1.0,Low,0
Debit,121.0,43510282.0,1.0,Low,0
Debit,136.0,31161380.0,1.0,Low,0
Credit,89.0,43171050.0,1.0,Low,0
Debit,47.999999999999986,44117943.0,1.0,Low,0
Debit,112.0,44380029.0,1.0,High,2
Credit,103.0,35473824.0,2.0,Low,1
Debit,77.0,48691018.0,1.0,Low,0
Credit,63.0,30550920.0,1.0,Low,0
Credit,277.0,41093712.0,1.0,Low,0
Debit,75.0,53189620.0,1.0,Low,0
Debit,172.0,43515264.0,1.0,Low,0
Credit,73.0,33487930.0,1.0,Low,0
Debit,269.0,38504360.0,1.0,Low,0
Debit,31.0,30728885.0,1.0,Low,0
Debit,169.0,56734100.0,1.0,Low,0
Debit,115.0,33577071.0,1.0,Low,0
Debit,153.0,48268735.0,1.0,Low,0
Debit,101.0,26926857.0,1.0,Low,0
Credit,43.0,41356047.0,1.0,Low,0
Credit,279.0,28394316.0,1.0,Low,0
Debit,175.0,50507453.0,1.0,Low,0
Debit,154.0,55000201.0,1.0,Low,0
Debit,121.0,39105348.0,1.0,Low,0
Credit,66.0,39281246.0,1.0,Low,0
Debit,275.0,27788273.0,1.0,Low,0
Debit,57.0,40490956.0,1.0,Low,0
Debit,128.0,27181601.0,1.0,Low,0
Credit,60.0,46185271.0,1.0,Low,0
Credit,142.0,55266032.0,1.0,Low,0
Debit,139.0,57166061.0,1.0,Low,0
Debit,210.0,35395575.0,1.0,Low,0
Credit,199.0,51977452.0,1.0,Low,0
Debit,82.0,52238113.0,1.0,Low,0
Debit,157.0,57422468.0,1.0,Low,0
Debit,14.0,42823971.0,1.0,Low,0
Credit,125.0,53193544.0,1.0,Low,0
Debit,287.0,31419638.0,1.0,Low,0
Debit,141.0,54656533.0,1.0,Low,0
Debit,105.0,33579716.0,1.0,Low,0
Credit,109.0,41956659.0,1.0,Low,0
Debit,44.0,54396619.0,1.0,Low,0
Debit,36.0,44720738.0,1.0,Low,0
Debit,266.0,53020719.0,1.0,Low,0
Credit,73.0,56212362.0,1.0,Low,0
Debit,200.0,57423255.0,1.0,Low,0
Credit,62.0,33054227.0,1.0,Low,0
Debit,12.0,26835330.0,1.0,Low,0
Debit,175.0,32968945.0,1.0,High,2
Debit,222.0,55008165.0,1.0,Low,0
Debit,12.0,49824197.0,1.0,High,2
Debit,129.0,38063928.0,1.0,Low,0
Debit,141.0,52848431.0,1.0,Low,0
Debit,145.0,55006114.0,1.0,Low,0
Debit,272.0,53623475.0,1.0,Low,0
Debit,125.0,40141851.0,1.0,Low,0
Debit,202.0,43860473.0,1.0,Low,0
Debit,110.0,29429661.0,1.0,Low,0
Debit,62.0,57427062.0,1.0,Low,0
Credit,126.0,39620882.0,1.0,Low,0
Debit,287.0,47485302.0,1.0,Low,0
Debit,64.0,37381996.0,1.0,Low,0
Debit,140.0,39885265.0,1.0,Low,0
Debit,216.0,44720389.0,2.0,Low,1
Credit,56.0,31847123.0,1.0,Low,0
Credit,101.0,49214091.0,1.0,Low,0
Debit,118.0,56468125.0,1.0,Low,0
Debit,84.0,56215385.0,1.0,Low,0
Debit,125.0,46540305.0,1.0,Low,0
Debit,30.0,44634914.0,1.0,Low,0
Debit,141.0,32625848.0,1.0,Low,0
Credit,139.0,50161660.0,1.0,Low,0
Debit,79.0,38671257.0,1.0,Low,0
Debit,71.0,48267403.0,1.0,Low,0
Credit,137.0,47056617.0,1.0,Low,0
Debit,57.0,47140745.0,1.0,Low,0
Debit,38.0,45930602.0,1.0,Low,0
Debit,140.0,32629190.0,1.0,Low,0
Debit,79.0,35996823.0,1.0,Low,0
Debit,26.0,34184470.0,1.0,Low,0
Debit,173.0,36690281.0,1.0,Low,0
Debit,74.0,43852988.0,1.0,Low,0
Debit,278.0,42909183.0,1.0,Low,0
Debit,12.0,42564393.0,1.0,Low,0
Debit,173.0,39283703.0,1.0,Low,0
Debit,140.0,51983793.0,1.0,Low,0
Debit,203.0,47741506.0,1.0,Low,0
Debit,60.0,49300420.0,1.0,Low,0
Debit,37.0,45063830.0,1.0,Low,0
Debit,157.0,53017417.0,1.0,Low,0
Credit,12.0,28737356.0,1.0,Low,0
Debit,162.0,53622568.0,1.0,High,2
Credit,130.0,29519345.0,1.0,Low,0
Debit,56.0,51636728.0,1.0,Low,0
Debit,162.0,27187171.0,1.0,Low,0
Debit,120.0,27788353.0,1.0,Low,0
Debit,63.0,34357839.0,1.0,Low,0
Debit,278.0,37122612.0,1.0,Low,0
Credit,138.0,31156988.0,1.0,Low,0
Debit,110.0,44633389.0,1.0,Low,0
Credit,154.0,36863211.0,1.0,Low,0
Debit,178.0,42131934.0,1.0,Low,0
Debit,93.0,29347145.0,1.0,Low,0
Debit,227.0,56816963.0,1.0,Low,0
Debit,60.0,45934776.0,1.0,Low,0
Debit,173.0,40486928.0,1.0,Low,0
Credit,44.0,43948935.0,1.0,Low,0
Debit,146.0,39886894.0,1.0,Low,0
Debit,165.0,53191823.0,1.0,Low,0
Debit,131.0,45154238.0,1.0,Low,0
Debit,95.0,31936541.0,1.0,Low,0
Debit,195.0,40490792.0,1.0,Low,0
Debit,50.0,27184059.0,1.0,Low,0
Debit,250.0,36691439.0,1.0,Low,0
Debit,162.0,34356060.0,1.0,Low,0
Debit,106.0,53788277.0,1.0,Low,0
Credit,129.0,54403101.0,1.0,Low,0
Debit,93.0,34695791.0,1.0,Low,0
Debit,137.0,44721786.0,1.0,High,2
Credit,110.0,38938104.0,1.0,Low,0
Debit,300.0,32276499.0,1.0,Low,0
Debit,150.0,31243640.0,1.0,Low,0
Debit,155.0,57423231.0,1.0,Low,0
Credit,178.0,51980258.0,1.0,Low,0
Debit,243.0,31411418.0,1.0,Low,0
Debit,73.0,30201295.0,1.0,Low,0
Credit,109.0,30465378.0,1.0,Low,0
Debit,157.0,51805491.0,1.0,Low,0
Debit,69.0,57764261.0,1.0,Low,0
Debit,36.0,49297879.0,1.0,Low,0
Debit,43.0,46273934.0,1.0,Low,0
Debit,155.0,54402377.0,1.0,Low,0
Debit,124.0,56039101.0,1.0,Low,0
Debit,173.0,51980013.0,1.0,Low,0
Debit,139.0,47748244.0,1.0,Low,0
Debit,209.0,45326384.0,1.0,Low,0
Debit,176.0,29949498.0,1.0,Low,0
Debit,16.0,56218136.0,1.0,Low,0
Debit,140.0,45071588.0,1.0,Low,0
Debit,75.0,35478864.0,1.0,Low,0
Debit,15.0,57423416.0,1.0,Low,0
Debit,176.0,42906835.0,1.0,Low,0
Debit,106.0,29255698.0,1.0,Low,0
Debit,98.0,38584049.0,1.0,Low,0
Debit,42.0,37901008.0,1.0,Low,0
Debit,167.0,43775337.0,1.0,Low,0
Debit,174.0,51805681.0,1.0,Low,0
Debit,100.0,32628143.0,1.0,Low,0
Debit,44.0,32368526.0,1.0,Low,0
Credit,71.0,41005742.0,1.0,Low,0
Debit,155.0,36085553.0,1.0,Low,0
Debit,137.0,32630189.0,1.0,Low,0
Debit,99.0,38071501.0,2.0,Low,1
Debit,109.0,50769690.0,1.0,Low,0
Debit,50.0,35049877.0,1.0,Low,0
Credit,120.0,37468458.0,1.0,Low,0
Credit,55.0,39277588.0,1.0,Low,0
Debit,69.0,57422391.0,1.0,Low,0
Debit,31.0,57426438.0,1.0,Low,0
Debit,139.0,49907252.0,1.0,Low,0
Debit,15.0,49560163.0,1.0,Low,0
Debit,199.0,43862366.0,1.0,Low,0
Debit,207.0,35653217.0,1.0,Low,0
Debit,179.0,37289440.0,1.0,Low,0
Debit,183.0,54310403.0,1.0,Low,0
Debit,91.0,53793562.0,1.0,Low,0
Debit,37.0,29603086.0,1.0,Low,0
Debit,98.0,47745260.0,1.0,Low,0
Debit,136.0,42905640.0,1.0,Low,0
Debit,101.0,47056040.0,1.0,Low,0
Credit,196.0,41349427.0,1.0,Low,0
Debit,204.0,39278557.0,1.0,Low,0
Debit,32.0,32365212.0,1.0,Low,0
Debit,147.0,37725876.0,1.0,Low,0
Credit,96.0,54310140.0,1.0,Low,0
Debit,101.0,31937002.0,1.0,Low,0
Debit,299.0,41526930.0,1.0,Low,0
Debit,13.000000000000014,31846084.0,1.0,Low,0
Credit,287.0,56474591.0,1.0,Low,0
Debit,222.0,43165894.0,1.0,Low,0
Debit,33.0,55613117.0,1.0,Low,0
Debit,136.0,53444759.0,1.0,Low,0
Debit,179.0,57940642.0,1.0,Low,0
Debit,61.0,30208091.0,1.0,Low,0
Debit,163.0,35387672.0,1.0,Low,0
Credit,71.0,54403060.0,1.0,Low,0
Debit,237.0,49996992.0,1.0,Low,0
Debit,19.0,30207450.0,1.0,Low,0
Debit,95.0,51806622.0,1.0,Low,0
Debit,218.0,52329021.0,1.0,Low,0
Debit,133.0,55003580.0,1.0,Low,0
Credit,22.0,49387641.0,1.0,Low,0
Debit,101.0,39101303.0,1.0,Low,0
Debit,138.0,38676190.0,1.0,High,2
Debit,37.0,34443396.0,1.0,Low,0
Debit,27.0,36510878.0,1.0,Low,0
Debit,31.0,26580078.0,1.0,Low,0
Debit,28.0,41699412.0,1.0,Low,0
Debit,155.0,47140050.0,1.0,Low,0
Debit,123.0,46969947.0,1.0,Low,0
Credit,118.0,36862477.0,1.0,Low,0
Debit,166.0,28998599.0,1.0,High,2
Debit,30.0,41957121.0,1.0,Low,0
Debit,30.0,49559010.0,1.0,Low,0
Credit,71.0,36518323.0,1.0,High,2
Debit,73.0,47576695.0,1.0,Low,0
Debit,97.0,44111554.0,1.0,Low,0
Debit,197.0,45585497.0,1.0,Low,0
Credit,103.0,34442750.0,1.0,Low,0
Debit,27.0,36603636.0,1.0,Low,0
Credit,135.0,32975576.0,1.0,Low,0
Credit,88.0,38591123.0,1.0,Low,0
Debit,146.0,53788771.0,1.0,Low,0
Credit,146.0,27012630.0,1.0,Low,0
Debit,184.0,44550293.0,1.0,Low,0
Debit,177.0,56121832.0,1.0,Low,0
Credit,119.0,57166461.0,1.0,Low,0
Debit,70.0,50424387.0,1.0,Low,0
Debit,121.0,36691723.0,1.0,Low,0
Credit,37.0,44120672.0,1.0,Low,0
Debit,12.0,46539053.0,1.0,Low,0
Debit,61.0,39282675.0,1.0,Low,0
Debit,24.0,38503873.0,1.0,Low,0
Debit,240.0,50422799.0,1.0,Low,0
Debit,77.0,45329189.0,1.0,Low,0
Debit,110.0,43513610.0,1.0,Low,0
Debit,291.0,55958170.0,1.0,Low,0
Debit,89.0,46192470.0,1.0,Low,0
Debit,50.0,33060272.0,1.0,Low,0
Debit,37.0,27444517.0,1.0,Low,0
Debit,136.0,54400926.0,1.0,Low,0
Debit,83.0,30816385.0,1.0,Low,0
Debit,131.0,40318803.0,1.0,Low,0
Debit,151.0,58029642.0,1.0,Low,0
Debit,159.0,56126576.0,1.0,Low,0
Credit,109.0,28828626.0,1.0,Low,0
Debit,132.0,46966834.0,2.0,Low,1
Debit,297.0,51979309.0,1.0,Low,0
Debit,120.0,45933365.0,1.0,Low,0
Debit,147.0,44466132.0,1.0,Low,0
Debit,228.0,40492432.0,1.0,Low,0
Debit,130.0,37467473.0,1.0,Low,0
Debit,69.0,41955048.0,1.0,Low,0
Debit,178.0,32020912.0,1.0,Low,0
Debit,148.0,33232903.0,1.0,Low,0
Debit,107.0,43255977.0,1.0,Low,0
Debit,172.0,29864481.0,1.0,Low,0
Credit,10.0,53102571.0,2.0,Low,1
Debit,74.0,48267934.0,1.0,Low,0
Credit,135.0,30636314.0,1.0,Low,0
Debit,36.0,43427159.0,1.0,Low,0
Debit,80.0,53450371.0,1.0,Low,0
Debit,239.0,57681792.0,1.0,Low,0
Debit,119.0,35475725.0,1.0,Low,0
Credit,163.0,38935718.0,1.0,Low,0
Debit,159.0,38499522.0,1.0,Low,0
Debit,115.0,27618872.0,1.0,Low,0
Debit,72.0,44726900.0,1.0,Low,0
Debit,167.0,48953489.0,1.0,Low,0
Debit,216.0,29605967.0,1.0,Low,0
Credit,73.0,50167979.0,2.0,Low,1
Debit,131.0,39023571.0,2.0,Low,1
Debit,23.0,39196180.0,1.0,Low,0
Debit,273.0,35306759.0,1.0,Low,0
Debit,96.0,29432441.0,1.0,Low,0
Debit,37.0,56208438.0,1.0,Low,0
Debit,92.0,40924807.0,1.0,Low,0
Debit,96.0,41096868.0,1.0,Low,0
Debit,53.0,34268572.0,1.0,Low,0
Debit,95.0,53192889.0,1.0,Low,0
Debit,164.0,31416300.0,1.0,Low,0
Debit,166.0,29863283.0,1.0,Low,0
Debit,116.0,52587842.0,1.0,Low,0
Credit,115.0,29255119.0,1.0,Low,0
Credit,183.0,57426575.0,1.0,Low,0
Debit,56.0,45934291.0,1.0,Low,0
Debit,114.0,43170969.0,1.0,Low,0
Debit,284.0,53451456.0,1.0,Low,0
Debit,161.0,36858123.0,1.0,Low,0
Credit,31.0,45759553.0,1.0,Low,0
Debit,115.0,33224969.0,1.0,Low,0
Debit,145.0,54055846.0,1.0,Low,0
Debit,261.0,47487880.0,1.0,Low,0
Debit,63.0,28219282.0,1.0,Low,0
Debit,55.0,41091937.0,1.0,Low,0
Debit,124.0,36163162.0,1.0,Low,0
Debit,124.0,39619904.0,1.0,High,2
Debit,226.0,30209722.0,1.0,Low,0
Debit,87.0,56820567.0,1.0,Low,0
Debit,103.0,50767547.0,1.0,Low,0
Debit,41.0,58029582.0,1.0,Low,0
Credit,121.0,44120557.0,1.0,Low,0
Debit,140.0,29859267.0,1.0,Low,0
Credit,288.0,34183253.0,1.0,Low,0
Debit,57.0,55606950.0,1.0,Low,0
Credit,109.0,29606973.0,1.0,Low,0
Debit,193.0,30211388.0,1.0,Low,0
Debit,92.0,34098846.0,1.0,Low,0
Debit,121.0,27701476.0,1.0,Low,0
Debit,167.0,50167938.0,1.0,Low,0
Debit,117.0,53793797.0,1.0,Low,0
Debit,50.0,39192835.0,1.0,Low,0
Debit,268.0,42910920.0,1.0,Low,0
Credit,70.0,35048775.0,1.0,Low,0
Credit,137.0,36861646.0,1.0,Low,0
Debit,90.0,39276242.0,1.0,Low,0
Debit,135.0,42906528.0,1.0,Low,0
Debit,92.0,42306889.0,1.0,Low,0
Debit,292.0,44379335.0,1.0,Low,0
Debit,147.0,54399180.0,1.0,Low,0
Debit,101.0,48259283.0,1.0,Low,0
Debit,225.0,28220733.0,1.0,Low,0
Debit,40.000000000000014,45930385.0,1.0,Low,0
Credit,290.0,57424873.0,1.0,Low,0
Credit,47.999999999999986,41351223.0,1.0,Low,0
Debit,129.0,35473707.0,1.0,Low,0
Debit,23.0,44376836.0,1.0,Low,0
Debit,32.0,48958884.0,1.0,Low,0
Credit,129.0,48613301.0,1.0,Low,0
Debit,67.0,28050951.0,1.0,Low,0
Debit,56.0,45762855.0,1.0,Low,0
Debit,99.0,30122795.0,1.0,Low,0
Debit,250.0,55603089.0,1.0,Low,0
Debit,146.0,54228908.0,1.0,High,2
Debit,277.0,40835384.0,1.0,Low,0
Debit,246.0,30211563.0,1.0,Low,0
Debit,33.0,53538418.0,1.0,Low,0
Credit,40.000000000000014,48349408.0,1.0,Low,0
Debit,55.0,36863736.0,1.0,Low,0
Credit,124.0,28906627.0,1.0,Low,0
Credit,294.0,44551950.0,1.0,Low,0
Debit,12.0,37466965.0,1.0,Low,0
Debit,268.0,33749176.0,1.0,Low,0
Debit,178.0,30726848.0,1.0,Low,0
Debit,139.0,54054633.0,2.0,Low,1
Debit,120.0,42817295.0,1.0,Low,0
Credit,85.0,34438782.0,1.0,Low,0
Debit,12.0,54140208.0,1.0,Low,0
Debit,169.0,37376176.0,1.0,Low,0
Debit,134.0,35565906.0,1.0,Low,0
Debit,162.0,45236261.0,1.0,Low,0
Debit,94.0,49992554.0,1.0,Low,0
Credit,84.0,29000775.0,1.0,Low,0
Debit,165.0,45933130.0,1.0,Low,0
Debit,163.0,44982856.0,1.0,Low,0
Credit,99.0,47749873.0,1.0,Low,0
Credit,59.0,37978093.0,1.0,Low,0
Debit,54.0,36864199.0,1.0,Low,0
Debit,171.0,32370610.0,1.0,Low,0
Debit,172.0,41356858.0,1.0,Low,0
Debit,25.0,39278491.0,1.0,Low,0
Debit,284.0,57766750.0,1.0,Low,0
Debit,127.0,31072574.0,1.0,Low,0
Debit,147.0,30038310.0,1.0,Low,0
Credit,109.0,33148701.0,1.0,Low,0
Credit,129.0,34097707.0,1.0,Low,0
Credit,52.0,38069203.0,1.0,Low,0
Debit,43.0,27791204.0,1.0,Low,0
Debit,34.0,40315476.0,1.0,Low,0
Credit,99.0,53621478.0,1.0,Low,0
Debit,117.0,51369434.0,1.0,Low,0
Debit,26.0,26578200.0,1.0,Low,0
Credit,31.0,26839565.0,1.0,Low,0
Credit,56.0,51291347.0,1.0,Low,0
Credit,135.0,53798087.0,1.0,Low,0
Debit,65.0,55352778.0,1.0,Low,0
Credit,58.0,37726531.0,1.0,Low,0
Debit,105.0,30035387.0,1.0,Low,0
Debit,46.0,57161067.0,1.0,Low,0
Debit,63.0,34176432.0,1.0,Low,0
Credit,275.0,39887143.0,1.0,High,2
Debit,102.0,55611154.0,1.0,Low,0
Debit,233.0,27179729.0,2.0,Low,1
Credit,101.0,34088861.0,1.0,Low,0
Debit,41.0,27618636.0,1.0,Low,0
Debit,108.0,31159496.0,1.0,Low,0
Debit,64.0,51206731.0,1.0,Low,0
Debit,72.0,33142107.0,1.0,Low,0
Debit,131.0,45157127.0,1.0,Low,0
Debit,102.0,44467446.0,1.0,Low,0
Debit,20.999999999999986,42902677.0,2.0,Low,1
Debit,23.0,30202294.0,1.0,Low,0
Debit,80.0,39187628.0,1.0,Low,0
Debit,123.0,53621661.0,1.0,Low,0
Debit,158.0,43344558.0,2.0,Low,1
Credit,64.0,55522418.0,1.0,Low,0
Debit,100.0,42819958.0,1.0,Low,0
Credit,143.0,42902282.0,1.0,Low,0
Debit,136.0,45927853.0,1.0,Low,0
Debit,110.0,33228020.0,1.0,Low,0
Credit,87.0,53193835.0,1.0,High,2
Debit,69.0,26925607.0,1.0,Low,0
Debit,69.0,57422915.0,1.0,Low,0
Debit,106.0,57251149.0,1.0,Low,0
Debit,138.0,45327447.0,2.0,Low,1
Debit,45.0,48350419.0,1.0,Low,0
Debit,173.0,33830070.0,1.0,Low,0
Credit,55.0,45244470.0,1.0,Low,0
Debit,35.0,28391904.0,1.0,Low,0
Debit,157.0,29340212.0,1.0,Low,0
Debit,44.0,28742275.0,1.0,Low,0
Debit,104.0,53536385.0,1.0,Low,0
Debit,135.0,54834007.0,1.0,Low,0
Debit,73.0,28993081.0,1.0,Low,0
Debit,148.0,49558212.0,1.0,Low,0
Credit,104.0,54055127.0,1.0,Low,0
Debit,264.0,42210708.0,1.0,Low,0
Debit,225.0,29602240.0,1.0,Low,0
Debit,211.0,47402716.0,1.0,Low,0
Debit,255.0,45933048.0,1.0,Low,0
Credit,146.0,45927630.0,1.0,Low,0
Debit,32.0,54056748.0,1.0,Low,0
Debit,176.0,34790062.0,1.0,Low,0
Debit,224.0,46538428.0,1.0,Low,0
Debit,165.0,43342027.0,1.0,Low,0
Debit,125.0,40224745.0,1.0,Low,0
Credit,10.0,38934542.0,1.0,Low,0
Debit,31.0,35301918.0,1.0,Low,0
Debit,83.0,51974457.0,1.0,Low,0
Credit,127.0,29428087.0,1.0,Low,0
Credit,101.0,31161878.0,1.0,Low,0
Debit,32.0,48960421.0,1.0,Low,0
Debit,102.0,46971375.0,1.0,Low,0
Debit,39.0,53796606.0,1.0,Low,0
Debit,68.0,37289488.0,1.0,Low,0
Debit,47.999999999999986,57943648.0,1.0,Low,0
Credit,96.0,37464593.0,1.0,Low,0
Debit,34.0,58028573.0,1.0,Low,0
Debit,244.0,47659305.0,1.0,Low,0
Debit,38.0,45932429.0,1.0,Low,0
Debit,52.0,51894099.0,1.0,Low,0
Debit,107.0,29860920.0,1.0,Low,0
Credit,199.0,51119643.0,1.0,Low,0
Debit,42.0,33059930.0,1.0,Low,0
Credit,293.0,27790751.0,1.0,Low,0
Credit,64.0,29605108.0,1.0,Low,0
Credit,156.0,27182357.0,1.0,Low,0
Debit,187.0,57341378.0,1.0,Low,0
Debit,130.0,37208461.0,1.0,Low,0
Debit,35.0,36257498.0,1.0,Low,0
Debit,197.0,28739466.0,1.0,Low,0
Credit,75.0,57944374.0,1.0,High,2
Debit,73.0,47399727.0,1.0,Low,0
Debit,68.0,33226124.0,1.0,Low,0
Debit,73.0,26836215.0,1.0,Low,0
Credit,47.999999999999986,54048249.0,1.0,Low,0
Debit,108.0,39709140.0,1.0,Low,0
Debit,114.0,57773134.0,1.0,Low,0
Credit,102.0,33233861.0,1.0,Low,0
Debit,89.0,43947377.0,1.0,Low,0
Debit,61.0,41700895.0,1.0,Low,0
Debit,51.0,41702562.0,1.0,Low,0
Debit,23.0,35389578.0,1.0,Low,0
Debit,52.0,56558581.0,1.0,Low,0
Debit,170.0,27181754.0,1.0,Low,0
Debit,161.0,27186088.0,1.0,Low,0
Debit,73.0,54400943.0,1.0,Low,0
Credit,40.000000000000014,29946266.0,1.0,Low,0
Debit,124.0,52500932.0,1.0,Low,0
Debit,38.0,45071571.0,1.0,Low,0
Debit,148.0,39277276.0,1.0,Low,0
Debit,17.0,50082924.0,1.0,Low,0
Debit,276.0,52406237.0,1.0,Low,0
Credit,127.0,46541164.0,1.0,Low,0
Debit,71.0,47489449.0,1.0,Low,0
Credit,290.0,28654339.0,1.0,Low,0
Debit,107.0,53101407.0,1.0,Low,0
Debit,142.0,44117903.0,2.0,Low,1
Debit,95.0,39273271.0,1.0,Low,0
Credit,69.0,26926676.0,1.0,Low,0
Debit,53.0,37465258.0,1.0,Low,0
Debit,277.0,36168606.0,1.0,Low,0
Debit,212.0,37465929.0,1.0,Low,0
Credit,238.0,33751269.0,1.0,Low,0
Debit,133.0,26582031.0,1.0,Low,0
Debit,14.0,37719837.0,1.0,Low,0
Debit,132.0,54139028.0,1.0,High,2
Debit,28.0,39015454.0,1.0,Low,0
Debit,58.0,53536766.0,1.0,High,2
Debit,33.0,28307519.0,1.0,Low,0
Credit,69.0,44381241.0,1.0,Low,0
Debit,137.0,51203445.0,1.0,Low,0
Debit,241.0,49565137.0,2.0,Low,1
Credit,150.0,51115550.0,1.0,Low,0
Debit,167.0,56215069.0,1.0,Low,0
Debit,25.0,41089357.0,1.0,Low,0
Debit,140.0,33232693.0,1.0,Low,0
Credit,108.0,41004037.0,1.0,Low,0
Credit,80.0,50770268.0,1.0,Low,0
Debit,145.0,30209262.0,1.0,Low,0
Debit,97.0,28395281.0,1.0,Low,0
Credit,135.0,57855990.0,1.0,Low,0
Debit,151.0,28823648.0,1.0,Low,0
Debit,234.0,29427184.0,1.0,Low,0
Debit,191.0,27790561.0,1.0,Low,0
Debit,117.0,49478467.0,1.0,Low,0
Debit,55.0,50428199.0,1.0,Low,0
Debit,138.0,32621376.0,1.0,Low,0
Debit,63.0,44638367.0,1.0,Low,0
Debit,60.0,35048296.0,1.0,Low,0
Debit,27.0,36086005.0,1.0,Low,0
Credit,56.0,54050971.0,1.0,Low,0
Debit,152.0,44111937.0,1.0,Low,0
Debit,26.0,49476552.0,1.0,Low,0
Debit,53.0,50166800.0,1.0,Low,0
Credit,157.0,56208795.0,1.0,Low,0
Debit,61.0,56822085.0,1.0,Low,0
Debit,58.0,48354134.0,1.0,Low,0
Credit,137.0,31328630.0,1.0,Low,0
Credit,87.0,35047860.0,1.0,Low,0
Credit,275.0,54403107.0,1.0,Low,0
Debit,139.0,33233891.0,2.0,Low,1
Debit,90.0,28994096.0,1.0,Low,0
Debit,26.0,56821916.0,1.0,Low,0
Debit,56.0,58027220.0,1.0,Low,0
Debit,105.0,33231284.0,1.0,Low,0
Debit,173.0,34963384.0,1.0,Low,0
Debit,141.0,35653868.0,2.0,Low,1
Debit,84.0,28395882.0,1.0,Low,0
Debit,31.0,53189072.0,1.0,Low,0
Debit,240.0,42818200.0,1.0,Low,0
Debit,284.0,34090779.0,2.0,Low,1
Debit,103.0,53018090.0,1.0,Low,0
Debit,43.0,27617229.0,1.0,Low,0
Debit,164.0,37464929.0,1.0,Low,0
Debit,78.0,40493388.0,1.0,Low,0
Debit,170.0,48266934.0,1.0,Low,0
Credit,93.0,30638741.0,1.0,Low,0
Debit,41.0,58030696.0,1.0,Low,0
Debit,37.0,29000822.0,1.0,Low,0
Credit,81.0,39020311.0,1.0,Low,0
Credit,109.0,44463830.0,1.0,Low,0
Debit,199.0,31410722.0,1.0,Low,0
Debit,52.0,53709644.0,1.0,Low,0
Credit,67.0,28051376.0,1.0,Low,0
Debit,23.0,35046774.0,1.0,Low,0
Debit,176.0,32628401.0,1.0,Low,0
Credit,118.0,53192646.0,1.0,Low,0
Debit,140.0,55005970.0,1.0,Low,0
Credit,30.0,53105537.0,1.0,Low,0
Debit,152.0,44553597.0,1.0,Low,0
Debit,142.0,38329738.0,1.0,Low,0
Credit,97.0,29517715.0,1.0,Low,0
Credit,78.0,29000427.0,1.0,Low,0
Debit,180.0,36080009.0,1.0,Low,0
Debit,97.0,44725430.0,2.0,Low,1
Debit,116.0,53193788.0,1.0,Low,0
Debit,116.0,57772044.0,1.0,Low,0
Debit,47.999999999999986,42300307.0,1.0,Low,0
Debit,115.0,27785628.0,1.0,Low,0
Debit,296.0,54394419.0,1.0,Low,0
Debit,276.0,33054766.0,1.0,Low,0
Credit,172.0,50601694.0,1.0,Low,0
Credit,115.0,46536669.0,1.0,Low,0
Debit,165.0,48353946.0,1.0,Low,0
Debit,231.0,32972531.0,1.0,Low,0
Debit,59.0,33232372.0,1.0,Low,0
Debit,98.0,36256628.0,1.0,Low,0
Debit,115.0,54659883.0,1.0,Low,0
Debit,114.0,27183552.0,1.0,Low,0
Credit,272.0,28222046.0,1.0,Low,0
Debit,24.0,49990542.0,1.0,Low,0
Debit,76.0,29598072.0,1.0,Low,0
Debit,34.0,43252772.0,1.0,Low,0
Debit,12.0,34434582.0,1.0,Low,0
Debit,285.0,50160421.0,1.0,Low,0
Credit,90.0,41701011.0,1.0,Low,0
Debit,167.0,44464302.0,1.0,Low,0
Debit,144.0,48785314.0,1.0,Low,0
Debit,112.0,37116897.0,1.0,Low,0
Debit,136.0,39536721.0,1.0,Low,0
Debit,81.0,35910219.0,1.0,Low,0
Credit,153.0,46799640.0,1.0,Low,0
Debit,104.0,53444465.0,1.0,Low,0
Debit,283.0,46535609.0,1.0,Low,0
Credit,67.0,32539268.0,1.0,Low,0
Debit,172.0,40315245.0,1.0,Low,0
Debit,61.0,55267463.0,1.0,Low,0
Debit,32.0,55003676.0,1.0,Low,0
Debit,11.0,52925711.0,2.0,High,2
Debit,88.0,42739531.0,1.0,Low,0
Debit,64.0,52322837.0,1.0,Low,0
Debit,108.0,35047932.0,1.0,Low,0
Debit,42.0,34789074.0,1.0,Low,0
Debit,118.0,48785266.0,1.0,Low,0
Credit,109.0,35044921.0,1.0,Low,0
Debit,18.0,34443249.0,1.0,Low,0
Debit,94.0,41702573.0,2.0,Low,1
Credit,33.0,29426669.0,2.0,Low,1
Debit,20.0,35308452.0,1.0,Low,0
Debit,11.0,52496448.0,1.0,Low,0
Debit,53.0,42906799.0,1.0,Low,0
Debit,114.0,45065106.0,1.0,Low,0
Debit,125.0,55861743.0,1.0,Low,0
Debit,198.0,45934081.0,1.0,Low,0
Debit,47.999999999999986,49562048.0,1.0,Low,0
Debit,63.0,49385716.0,1.0,Low,0
Debit,68.0,42040778.0,1.0,Low,0
Debit,213.0,32888539.0,1.0,Low,0
Debit,63.0,52587292.0,1.0,Low,0
Credit,141.0,35650508.0,1.0,Low,0
Debit,34.0,34875136.0,1.0,Low,0
Debit,162.0,55002578.0,1.0,Low,0
Credit,62.0,35392575.0,1.0,Low,0
Credit,14.0,38675746.0,1.0,Low,0
Debit,121.0,31152221.0,1.0,High,2
Debit,102.0,50169341.0,1.0,Low,0
Debit,200.0,38932992.0,1.0,Low,0
Debit,87.0,36681187.0,1.0,Low,0
Debit,39.0,36859717.0,1.0,Low,0
Debit,77.0,40749451.0,1.0,Low,0
Credit,205.0,30812929.0,1.0,Low,0
Debit,20.0,55610596.0,1.0,Low,0
Debit,23.0,48959953.0,1.0,Low,0
Debit,181.0,27010347.0,1.0,Low,0
Debit,159.0,51810834.0,1.0,Low,0
Debit,38.0,40920692.0,1.0,Low,0
Debit,163.0,42823572.0,1.0,Low,0
Debit,74.0,34780471.0,1.0,Low,0
Credit,164.0,48955103.0,1.0,Low,0
Debit,79.0,30209335.0,1.0,Low,0
Credit,71.0,51807591.0,1.0,Low,0
Debit,33.0,28992486.0,2.0,Low,1
Debit,203.0,31324905.0,1.0,Low,0
Debit,34.0,30552050.0,1.0,Low,0
Debit,134.0,57427298.0,1.0,Low,0
Debit,273.0,31939566.0,1.0,Low,0
Credit,94.0,51894143.0,1.0,High,2
Debit,81.0,32630793.0,1.0,Low,0
Debit,101.0,33749583.0,1.0,Low,0
Debit,59.0,37204669.0,1.0,Low,0
Debit,19.0,53625014.0,2.0,Low,1
Debit,77.0,26918134.0,1.0,Low,0
Debit,175.0,35566500.0,1.0,Low,0
Debit,110.0,46791039.0,1.0,Low,0
Debit,185.0,38673623.0,1.0,Low,0
Debit,258.0,56647290.0,1.0,Low,0
Credit,178.0,42302571.0,1.0,Low,0
Credit,220.0,32455327.0,1.0,Low,0
Debit,175.0,37460357.0,1.0,Low,0
Debit,109.0,49908342.0,1.0,Low,0
Credit,161.0,42733281.0,1.0,Low,0
Debit,86.0,58029814.0,1.0,Low,0
Credit,133.0,38418732.0,1.0,Low,0
Debit,173.0,28307627.0,1.0,Low,0
Debit,147.0,28306254.0,1.0,Low,0
Debit,70.0,54401097.0,1.0,Low,0
Debit,280.0,57254496.0,1.0,Low,0
Debit,266.0,38678962.0,1.0,Low,0
Debit,74.0,50168513.0,1.0,Low,0
Debit,166.0,56216178.0,1.0,Low,0
Debit,36.0,52583630.0,1.0,Low,0
Debit,73.0,27183270.0,1.0,Low,0
Credit,124.0,27097321.0,1.0,Low,0
Debit,42.0,43254231.0,1.0,Low,0
Debit,132.0,38677775.0,1.0,Low,0
Debit,96.0,37466811.0,1.0,Low,0
Debit,169.0,32620781.0,1.0,Low,0
Debit,156.0,45324784.0,2.0,Low,1
Debit,104.0,33230134.0,1.0,Low,0
Credit,26.0,52242069.0,1.0,Low,0
Debit,189.0,45763526.0,1.0,Low,0
Debit,69.0,57338942.0,1.0,Low,0
Credit,292.0,30205041.0,1.0,Low,0
Debit,76.0,37722102.0,1.0,Low,0
Debit,162.0,46193839.0,1.0,Low,0
Debit,165.0,33837815.0,1.0,Low,0
Debit,86.0,54660768.0,1.0,Low,0
Debit,22.0,54999082.0,1.0,Low,0
Debit,63.0,53534276.0,1.0,Low,0
Debit,72.0,33235160.0,1.0,Low,0
Debit,36.0,57339595.0,1.0,Low,0
Debit,142.0,31416640.0,1.0,Low,0
Debit,75.0,55603107.0,1.0,Low,0
Credit,71.0,52931360.0,1.0,Low,0
Debit,31.0,26840251.0,1.0,Low,0
Credit,138.0,58028946.0,1.0,Low,0
Debit,106.0,39623930.0,1.0,Low,0
Debit,29.0,46969618.0,1.0,Low,0
Credit,67.0,52584264.0,1.0,Low,0
Debit,30.0,49561607.0,1.0,Low,0
Credit,168.0,28653555.0,1.0,Low,0
Debit,141.0,35652365.0,1.0,Low,0
Debit,269.0,57164241.0,1.0,Low,0
Debit,50.0,55957799.0,1.0,Low,0
Debit,16.0,35303346.0,1.0,Low,0
Credit,109.0,55951448.0,1.0,Low,0
Debit,65.0,27441451.0,1.0,Low,0
Debit,103.0,36257684.0,1.0,High,2
Debit,60.0,33225861.0,1.0,Low,0
Debit,25.0,37462309.0,1.0,Low,0
Credit,124.0,42045591.0,1.0,Low,0
Debit,220.0,40489262.0,1.0,Low,0
Credit,227.0,30815588.0,1.0,Low,0
Debit,42.0,43948055.0,1.0,Low,0
Debit,185.0,55607488.0,1.0,Low,0
Debit,76.0,39878280.0,1.0,Low,0
Credit,61.0,35047359.0,1.0,Low,0
Debit,23.0,43512057.0,1.0,Low,0
Debit,27.0,36255259.0,1.0,Low,0
Debit,122.0,45240900.0,1.0,Low,0
Debit,173.0,51374742.0,1.0,Low,0
Credit,222.0,39020204.0,1.0,Low,0
Debit,86.0,54394857.0,1.0,Low,0
Credit,144.0,46532275.0,1.0,Low,0
Credit,64.0,48355193.0,1.0,Low,0
Credit,104.0,42219970.0,1.0,Low,0
Debit,65.0,32023827.0,1.0,Low,0
Debit,63.0,44122086.0,1.0,Low,0
Debit,107.0,44120520.0,1.0,Low,0
Credit,93.0,57939148.0,1.0,Low,0
Debit,28.0,39021107.0,2.0,Low,1
Debit,80.0,53192556.0,1.0,Low,0
Debit,25.0,52496416.0,1.0,Low,0
Debit,28.0,52584350.0,1.0,Low,0
Debit,16.0,31241626.0,1.0,Low,0
Debit,120.0,53102223.0,1.0,Low,0
Credit,59.0,33234271.0,1.0,Low,0
Debit,84.0,33575380.0,1.0,Low,0
Debit,49.0,32452401.0,1.0,Low,0
Debit,151.0,44550086.0,1.0,Low,0
Debit,127.0,53187239.0,2.0,Low,1
Debit,269.0,34354643.0,1.0,Low,0
Debit,132.0,40396320.0,1.0,Low,0
Credit,219.0,44464914.0,1.0,Low,0
Debit,112.0,37460350.0,1.0,Low,0
Credit,56.0,29859430.0,1.0,Low,0
Debit,56.0,34357510.0,1.0,Low,0
Debit,212.0,56819516.0,1.0,Low,0
Debit,77.0,50773274.0,1.0,Low,0
Debit,36.0,50168292.0,1.0,Low,0
Debit,65.0,35045748.0,1.0,Low,0
Credit,108.0,54403535.0,2.0,Low,1
Debit,143.0,28915367.0,1.0,Low,0
Debit,260.0,34356634.0,1.0,Low,0
Debit,20.0,51635254.0,1.0,Low,0
Debit,41.0,38415422.0,1.0,Low,0
Debit,124.0,47143393.0,1.0,Low,0
Credit,63.0,26581502.0,1.0,Low,0
Debit,143.0,55264154.0,1.0,Low,0
Debit,221.0,43342049.0,1.0,High,2
Credit,24.0,33142547.0,1.0,Low,0
Debit,152.0,44466378.0,1.0,Low,0
Debit,135.0,28742718.0,1.0,Low,0
Debit,127.0,28047992.0,1.0,Low,0
Credit,112.0,29519347.0,1.0,Low,0
Debit,192.0,26833196.0,1.0,Low,0
Credit,161.0,45675904.0,1.0,Low,0
Credit,177.0,30549719.0,1.0,Low,0
Debit,60.0,29947790.0,1.0,Low,0
Debit,159.0,49474858.0,1.0,Low,0
Debit,24.0,53449857.0,1.0,Low,0
Debit,88.0,28826770.0,1.0,Low,0
Debit,29.0,31419985.0,1.0,Low,0
Debit,144.0,54055896.0,1.0,Low,0
Credit,175.0,50083218.0,1.0,Low,0
Credit,252.0,34958588.0,1.0,Low,0
Debit,23.0,40830991.0,1.0,Low,0
Debit,19.0,33840637.0,1.0,Low,0
Debit,191.0,41441462.0,1.0,Low,0
Debit,165.0,36599267.0,1.0,Low,0
Debit,235.0,37381455.0,1.0,Low,0
Debit,286.0,36859017.0,1.0,Low,0
Debit,190.0,50509262.0,1.0,Low,0
Debit,217.0,49903304.0,1.0,Low,0
Debit,93.0,32629843.0,1.0,Low,0
Credit,100.0,31677851.0,1.0,Low,0
Debit,152.0,29001591.0,1.0,Low,0
Debit,186.0,53101751.0,1.0,Low,0
Credit,44.0,48346892.0,1.0,Low,0
Debit,40.000000000000014,33839600.0,1.0,Low,0
Debit,152.0,29862616.0,1.0,Low,0
Debit,164.0,47402364.0,1.0,Low,0
Credit,175.0,43774220.0,1.0,Low,0
Debit,274.0,55003023.0,1.0,Low,0
Debit,292.0,38678308.0,1.0,Low,0
Debit,68.0,33235084.0,1.0,Low,0
Credit,24.0,36859950.0,1.0,Low,0
Debit,115.0,52932279.0,1.0,Low,0
Credit,66.0,34874321.0,1.0,Low,0
Debit,161.0,37467018.0,1.0,Low,0
Debit,164.0,52929407.0,2.0,Low,1
Debit,168.0,28395016.0,1.0,Low,0
Credit,129.0,31680188.0,1.0,Low,0
Credit,138.0,47664477.0,1.0,Low,0
Debit,53.0,33661881.0,1.0,Low,0
Debit,119.0,30643864.0,1.0,Low,0
Debit,47.0,51031967.0,1.0,Low,0
Debit,55.0,52410455.0,1.0,Low,0
Credit,12.0,51804939.0,1.0,Low,0
Debit,42.0,39881879.0,1.0,Low,0
Debit,161.0,28738617.0,1.0,Low,0
Debit,63.0,27784561.0,1.0,Low,0
Debit,104.0,44116606.0,1.0,Low,0
Debit,23.0,45586892.0,1.0,Low,0
Debit,100.0,52497913.0,1.0,Low,0
Credit,96.0,32281625.0,2.0,Low,1
Credit,152.0,50512554.0,1.0,Low,0
Debit,26.0,50168878.0,1.0,Low,0
Debit,120.0,27186329.0,1.0,Low,0
Debit,92.0,43338098.0,2.0,Low,1
Debit,144.0,41004843.0,1.0,Low,0
Debit,285.0,40838745.0,1.0,Low,0
Debit,64.0,51722270.0,1.0,Low,0
Credit,17.0,46189158.0,1.0,Low,0
Debit,66.0,49217608.0,1.0,Low,0
Credit,159.0,45930320.0,1.0,Low,0
Debit,221.0,29001448.0,1.0,Low,0
Debit,28.0,50169882.0,1.0,Low,0
Debit,159.0,55609426.0,1.0,Low,0
Debit,150.0,51638357.0,1.0,Low,0
Debit,37.0,52237726.0,1.0,Low,0
Credit,87.0,50169539.0,1.0,Low,0
Credit,162.0,56645436.0,1.0,Low,0
Debit,181.0,46966475.0,2.0,Low,1
Debit,102.0,34263700.0,1.0,Low,0
Credit,102.0,45242169.0,1.0,Low,0
Debit,88.0,34962913.0,1.0,Low,0
Credit,169.0,37122123.0,1.0,Low,0
Debit,26.0,48613530.0,1.0,Low,0
Debit,42.0,31418047.0,1.0,Low,0
Debit,40.000000000000014,26578137.0,1.0,Low,0
Debit,69.0,55866763.0,1.0,Low,0
Debit,93.0,49299813.0,1.0,Low,0
Credit,109.0,48178913.0,1.0,Low,0
Debit,177.0,51201294.0,1.0,Low,0
Debit,146.0,38069989.0,1.0,Low,0
Debit,19.0,53452056.0,1.0,Low,0
Credit,93.0,54315986.0,1.0,Low,0
